Team,Number,Name,Position,Height,Weight,Year,Hometown
MIAMI,35,John D'Uva,WR,"5'10""",160,Jr,Ridgewood NJ
UVA,10,C.J. Moore,CB,"5'10""",160,So,Buford GA
VT,,R.J. Warfel,K,"5'10""",164,Fr,Paeonian Springs VA
DUKE,43,Danny Stirt,K,"5'10""",165,So,Gainesville FL
LOU,6,Shaq Wiggins,CB,"5'10""",165,So,Tyrone GA
UNC,19,Kedrick Davis,CB,"5'10""",165,Fr,Charlotte NC
FSU,13,Rashad Gholston,WR,"5'10""",167,Sr,Miami FL
GT,8,Andrew Chau,K,"5'10""",167,Jr,Griffin GA
FSU,15,DeShawn Simpkins,WR,"5'10""",170,Fr,Miami FL
GT,17,Lance Austin,DB,"5'10""",170,Fr,Barnesville GA
PITT,32,Phillipie Motley,DB,"5'10""",170,Fr,Columbus OH
VT,,Zakeel Muhammad,S,"5'10""",170,Fr,Richmond VA
VT,,Curtis Williams,CB,"5'10""",170,So,Amelia VA
WAKE,29,Deonte Davis,CB,"5'10""",170,So,Snellville GA
WAKE,23,James Ward,CB,"5'10""",170,Jr,DeLand FL
CLEM,32,Corbin Jenkins,K,"5'10""",175,Sr,Conway SC
CLEM,36,Ammon Lakip,K,"5'10""",175,Jr,Johns Creek GA
CUSE,24,Jaston George,S,"5'10""",175,Jr,Chesapeake VA
CUSE,43,Franklin Santos,WR,"5'10""",175,Sr,Providence RI
CUSE,39,Greg Tobias,RB,"5'10""",175,Sr,Sicklerville NJ
LOU,30,Tae'Shawn Gibbs,WR,"5'10""",175,So,Louisville KY
PITT,88,Kevin Weatherspoon,WR,"5'10""",175,Sr,Clairton PA
UNC,25,Reid Baxter,RB,"5'10""",175,Fr,Greensboro NC
UNC,3,Ryan Switzer,WR,"5'10""",175,So,Charleston WV
NCSU,30,Gavin Locklear,WR,"5'10""",176,Fr,Apex NC
GT,42,Roberto Hinojosa,K,"5'10""",177,Jr,Suwanee GA
VT,29,Terrence Travis,CB,"5'10""",179,Fr,Blacksburg VA
DUKE,38,Grant Hall,S,"5'10""",180,So,Suwanne GA
LOU,29,Trumaine Washington,CB,"5'10""",180,Fr,Miami FL
MIAMI,24,Michael Badgley,K,"5'10""",180,Fr,Summit NJ
MIAMI,45,Dominic Sicilian,S,"5'10""",180,So,Hebron OH
UNC,8,T.J. Logan,RB,"5'10""",180,So,Greensboro NC
WAKE,7,Merrill Noel,CB,"5'10""",180,Sr,Pahokee FL
NCSU,34,Ben Grazen,WR,"5'10""",181,Fr,Cary NC
FSU,6,Nick Waisome,DB,"5'10""",182,Jr,Groveland FL
LOU,6,Eli Rogers,WR,"5'10""",182,Sr,Miami FL
MIAMI,29,Corn Elder,DB,"5'10""",182,So,Nashville TN
CUSE,83,Sean Avant,WR,"5'10""",183,Fr,Miramar FL
VT,82,Willie Byrn,WR,"5'10""",183,Sr,Virginia Beach VA
GT,22,Tyler Teknipp,DB,"5'10""",185,So,McDonough GA
MIAMI,4,Phillip Dorsett,WR,"5'10""",185,Sr,Fort Lauderdale FL
NCSU,24,Shawn Boone,S,"5'10""",185,Fr,Palm Beach Gardens FL
NCSU,22,Troy Vincent Jr.,CB,"5'10""",185,Fr,Baltimore MD
UNC,21,Romar Morris,RB,"5'10""",185,So,Salisbury NC
UVA,4,Taquan Mizzell,RB,"5'10""",185,So,Virginia Beach VA
VT,23,Der'Woun Greene,CB,"5'10""",189,So,Portsmouth VA
CLEM,32,C.J. Davidson,RB,"5'10""",190,Jr,Clemson SC
CUSE,23,Prince-Tyson Gulley,RB,"5'10""",190,Sr,Akron OH
CUSE,18,Darius Kelly,S,"5'10""",190,Sr,Sierra Vista AZ
NCSU,9,Jarvis Byrd,S,"5'10""",190,Sr,Pahokee FL
UVA,22,Daniel Hamm,RB,"5'10""",190,Fr,Wytheville VA
UVA,30,Alec Vozenilek,P,"5'10""",190,Sr,Richmond VA
NCSU,27,Dakwa Nichols,RB,"5'10""",191,Fr,Rockingham NC
NCSU,7,Sean Paul,CB,"5'10""",191,So,Vero Beach FL
BC,30,Joey Launceford,K,"5'10""",193,Jr,Seattle WA
FSU,7,Mario Pender,RB,"5'10""",194,Fr,Cape Coral FL
MIAMI,25,Dallas Crawford,RB,"5'10""",194,Jr,Fort Myers FL
FSU,6,Ryan Green,RB,"5'10""",195,So,St. Petersburg FL
PITT,20,Dennis Briggs,RB,"5'10""",195,Fr,Wilkinsburg PA
UNC,30,Tommy Hibbard,P,"5'10""",195,Sr,Charlotte NC
UNC,39,Philip Spelman,K,"5'10""",195,So,Nashville TN
CUSE,2,Wayne Morgan,CB,"5'10""",197,Jr,Brooklyn NY
CLEM,,Adam Choice,RB,"5'10""",200,Fr,Thomasville GA
DUKE,36,Christian Conway,S,"5'10""",200,Jr,Bronxville NY
DUKE,26,Corbin McCarthy,S,"5'10""",200,So,Norco CA
PITT,9,Ray Vinopal,DB,"5'10""",200,Sr,Youngstown OH
UNC,18,Thomas Moore,K,"5'10""",200,Jr,Chapel Hill NC
LOU,19,Terell Floyd,CB,"5'10""",201,Sr,Port Pierce FL
BC,53,Leonard Skubal,LS,"5'10""",205,So,Boca Raton FL
DUKE,28,Shaquille Powell,RB,"5'10""",205,Jr,Las Vegas NV
NCSU,16,D.J. Hunt,RB,"5'10""",205,So,Raleigh NC
UVA,31,Kyrrel Latimer,S,"5'10""",205,Jr,Hyattsville MD
VT,,Zach Snell,S,"5'10""",205,So,Christianburg VA
WAKE,14,Dominique Gibson,RB,"5'10""",205,So,Belle Glade FL
NCSU,8,Dravious Wright,S,"5'10""",206,So,Vero Beach FL
VT,39,Daniel Dyer,RB,"5'10""",208,Sr,Salem VA
CLEM,30,Taylor Watson,S,"5'10""",210,Sr,Simpsonville SC
GT,30,Christopher Leggett,RB,"5'10""",210,Fr,Suwanee GA
VT,,Shai McKenzie,RB,"5'10""",212,Fr,Washington PA
VT,47,Greg Gadell,FB,"5'10""",214,Sr,Vienna VA
DUKE,45,Jackson Conway,RB,"5'10""",215,Jr,Bronxville NY
VT,45,Sam Rogers,FB,"5'10""",215,So,Mechanicsville VA
CUSE,69,Keith Mitsuuchi,LS,"5'10""",221,Jr,Torrance CA
CLEM,46,Chad Richardson,LB,"5'10""",225,So,Sumter SC
GT,25,Tre' Jackson,LB,"5'10""",235,Fr,Valdosta GA
PITT,41,Anthony Rippole,FB,"5'10""",235,So,McKees Rocks PA
WAKE,43,Jordan Garside,FB,"5'10""",235,Sr,Jacksonville FL
CLEM,85,Seth Ryan,WR,"5'11""",160,Fr,Summit NJ
VT,22,Eric Kristensen,K,"5'11""",162,So,Ann Arbor MI
CLEM,21,Adrian Baker,CB,"5'11""",165,Fr,Hollywood FL
DUKE,17,Hud Mellencamp,CB,"5'11""",165,Jr,Bloomington IN
UNC,37,T.J. Jiles,CB,"5'11""",165,Jr,Cape Coral FL
CLEM,29,Marcus Edmond,CB,"5'11""",170,Fr,Hopkins SC
DUKE,39,Zach Muniz,CB,"5'11""",170,Fr,Chesterfield MO
DUKE,21,Alonzo Saxton II,CB,"5'11""",170,Fr,Columbus OH
GT,8,Myles Autry,RB,"5'11""",170,Fr,Norcross GA
GT,82,Qua Searcy,WR,"5'11""",170,Fr,Barnesville GA
LOU,31,Dontez Byrd,WR,"5'11""",170,So,Louisville KY
PITT,19,Terrish Webb,DB,"5'11""",170,Fr,Clairton PA
UVA,2,Dominique Terrell,WR,"5'11""",170,Sr,Manassas VA
UVA,37,Divante Walker,CB,"5'11""",170,So,Virginia Beach VA
GT,7,B.J. Bostic,RB,"5'11""",173,Sr,Louisville GA
LOU,3,Charles Gaines,CB,"5'11""",174,Jr,Miami FL
LOU,35,Devontre Parnell,CB,"5'11""",174,So,Winnsboro SC
CLEM,,Jae'lon Oglesby,RB,"5'11""",175,Fr,Central SC
CUSE,4,AJ Long,QB,"5'11""",175,Fr,Lebanon TN
FSU,23,Je'Twan Smith,DB,"5'11""",175,Jr,Plant City FL
GT,29,Step Durham,DB,"5'11""",175,Fr,Jacksonville FL
MIAMI,24,Stephen Sweeney,WR,"5'11""",175,Jr,Ridgewood NJ
NCSU,87,Maurice Trowell,WR,"5'11""",175,Fr,Durham NC
PITT,10,Jahmahl Pardner,DB,"5'11""",175,Fr,Rochester NY
UNC,21,Jalen Dickerson,DB,"5'11""",175,Fr,Richland TX
UNC,28,Brian Walker,CB,"5'11""",175,So,Charlotte NC
UVA,6,Darius Jennings,WR,"5'11""",175,Sr,Baltimore MD
UVA,36,Kye Morgan,RB,"5'11""",175,So,Somerset NJ
BC,21,Manuel Asprilla,DB,"5'11""",178,Sr,Everett MA
CUSE,12,Ryan Norton,K,"5'11""",179,Jr,Garden City NY
GT,5,Justin Thomas,QB,"5'11""",179,So,Prattville AL
DUKE,14,Bryon Fields,CB,"5'11""",180,So,Charlotte NC
DUKE,33,Deondre Singleton,S,"5'11""",180,So,Dacula GA
FSU,3,Jesus Wilson,WR,"5'11""",180,So,Miami FL
GT,85,Will Smith,WR,"5'11""",180,So,St. Louis MO
MIAMI,35,Nate Dortch,DB,"5'11""",180,So,Fort Myers FL
UNC,40,Ben Craig,LB,"5'11""",180,So,Huntersville NC
UNC,11,Malik Simmons,CB,"5'11""",180,Jr,Lehigh Acres FL
UVA,2,Kirk Garner,CB,"5'11""",180,Fr,Baltimore MD
UVA,19,Tyler Lewris,WR,"5'11""",180,Sr,Great Falls VA
MIAMI,48,Josh Bacon,K,"5'11""",182,Fr,Melville NY
BC,6,C.J. Jones,DB,"5'11""",183,Sr,Wilmington DE
GT,28,D.J. White,CB,"5'11""",184,Jr,McDonough GA
LOU,36,Kevin Houchins,S,"5'11""",184,So,South Euclid OH
MIAMI,3,Tracy Howard,DB,"5'11""",184,Jr,Miramar FL
CLEM,2,Mackensie Alexander,CB,"5'11""",185,Fr,Immokalee FL
CLEM,3,Artavis Scott,WR,"5'11""",185,Fr,Oldsmar FL
CLEM,95,Andy Teasdall,P,"5'11""",185,So,Winston-Salem NC
GT,6,Chris Milton,DB,"5'11""",185,Jr,Folkston GA
LOU,49,Blake Ramsey,LB,"5'11""",185,So,Louisville KY
UNC,26,Dominique Green,DB,"5'11""",185,Fr,Laurinburg NC
UNC,27,Thomas Jackson,WR,"5'11""",185,Fr,Charlotte NC
UNC,3,Sam Smiley,S,"5'11""",185,So,Jacksonville FL
UVA,45,Matt Fortin,LS,"5'11""",185,Sr,West Chester PA
UVA,1,Demetrious Nicholson,CB,"5'11""",185,Sr,Virginia Beach VA
WAKE,17,E.J. Scott,WR,"5'11""",185,Sr,Ellicott City MD
CUSE,4,Brandon Reddish,CB,"5'11""",186,Sr,Brooklyn NY
VT,,Deon Newsome,WR,"5'11""",186,Fr,Hampton VA
CUSE,6,Ritchy Desir,S,"5'11""",187,Sr,North Miami Beeach FL
NCSU,13,Bra'Lon Cherry,WR,"5'11""",187,So,New Bern NC
NCSU,25,Niles Clark,CB,"5'11""",188,So,Marietta GA
BC,26,David Dudeck,RB,"5'11""",189,Jr,Hamilton NJ
FSU,3,Ronald Darby,DB,"5'11""",189,Jr,Oxon Hill MD
BC,39,Atem Ntantang,CB,"5'11""",190,Fr,Purcellville VA
CLEM,13,Adam Humphries,WR,"5'11""",190,Sr,Spartanburg SC
CLEM,12,Korrin Wiggins,S,"5'11""",190,So,Durham NC
DUKE,2,Evrett Edwards,S,"5'11""",190,Fr,Woodbridge VA
MIAMI,48,Hugo Delapenha Jr.,DB,"5'11""",190,Sr,Cape Coral FL
NCSU,5,Josh Taylor,QB,"5'11""",190,So,New Bern NC
UNC,25,Kameron Jackson,S,"5'11""",190,So,Madison AL
UNC,27,Darien Rankin,S,"5'11""",190,So,Salisbury NC
UNC,35,Chris Ripberger,DB,"5'11""",190,Fr,Greensboro NC
UNC,30,Tyler Royal,WR,"5'11""",190,Fr,Faison NC
UNC,7,Tim Scott,CB,"5'11""",190,Sr,Fredericksburg VA
UNC,6,M.J. Stewart,CB,"5'11""",190,Fr,Arlington VA
UVA,28,Wilfred Wahee,S,"5'11""",190,So,Norfolk VA
WAKE,22,Ryan Janvion,S,"5'11""",190,So,Pembroke Pines FL
MIAMI,21,Antonio Crawford,DB,"5'11""",191,Jr,Tampa FL
VT,34,Kyshoen Jarrett,S,"5'11""",191,Sr,Tannersville PA
BC,37,Drew Barksdale,WR,"5'11""",193,So,Solon OH
DUKE,50,Wyatt Smith,LB,"5'11""",195,So,Fort Myers FL
GT,36,Brandon Oliver,WR,"5'11""",195,Jr,Douglasville GA
PITT,6,Lafayette Pitts,DB,"5'11""",195,Jr,Duquesne PA
UNC,12,Andrew Moore,CB,"5'11""",195,So,Chapel Hill NC
VT,11,Kendall Fuller,CB,"5'11""",195,So,Baltimore MD
VT,30,Mitchell Ludwig,P,"5'11""",195,So,Abingdon VA
FSU,39,Mitchell Zak,LB,"5'11""",197,Sr,New Smyrna Beach FL
LOU,41,Jarrod Barnes,S,"5'11""",197,So,Westerville OH
CUSE,41,Eric Anthony,S,"5'11""",199,So,Baldwinsville NY
LOU,8,Ryan Johnson,P,"5'11""",199,Sr,Louisville KY
CLEM,,C.J. Fuller,RB,"5'11""",200,Fr,Easley SC
DUKE,12,Johndre Bennett,WR,"5'11""",200,Jr,Pearcy AR
UNC,15,Donnie Miles,DB,"5'11""",200,Fr,Lawrenceville GA
CUSE,40,Zachary McCarrell,LB,"5'11""",201,Sr,Orlando FL
VT,,Johnathan Galante,LB,"5'11""",202,So,Christiansburg VA
LOU,49,Jarel McGriff-Culver,RB,"5'11""",204,Sr,Downers Grove IL
FSU,1,Tyler Hunter,DB,"5'11""",205,So,Valdosta GA
GT,39,Ryan Braswell,RB,"5'11""",205,Fr,Atlanta GA
PITT,26,Jevonte Pitts,DB,"5'11""",205,So,Forest Hills PA
FSU,35,Reginald Dixon Jr,LB,"5'11""",207,So,Tallahassee FL
VT,2,Donovan Riley,CB,"5'11""",207,Jr,Reistertown MD
CUSE,33,Marqez Hodge,LB,"5'11""",208,So,Miami FL
FSU,29,Nate Andrews,DB,"5'11""",209,So,Fairhope AL
CLEM,27,Robert Smith,S,"5'11""",210,Sr,Saint George SC
PITT,34,Isaac Bennett,RB,"5'11""",210,Sr,Tulsa OK
PITT,3,Chris James,RB,"5'11""",210,Fr,Chicago IL
CLEM,41,T.J. Burrell,LB,"5'11""",215,So,Goose Creek SC
CLEM,23,Tyshon Dye,RB,"5'11""",215,Fr,Elberton GA
GT,40,Paul Davis,LB,"5'11""",215,So,Cairo GA
NCSU,26,Tony Creecy,RB,"5'11""",215,Sr,Durham NC
LOU,46,Lamar Atkins,LB,"5'11""",216,So,Miami FL
CLEM,,Jalen Williams,LB,"5'11""",220,Fr,Columbia SC
VT,,Mike Wandey,FB,"5'11""",223,Fr,Oak Hill VA
VT,42,Marshawn Williams,RB,"5'11""",224,Fr,Hampton VA
BC,39,Sean Burke,LB,"5'11""",229,So,Lansdale PA
CLEM,10,Ben Boulware,LB,"5'11""",230,So,Anderson SC
CLEM,,Kendall Joseph,LB,"5'11""",230,Fr,Belton SC
CUSE,38,Cameron Lynch,LB,"5'11""",230,Sr,Lawrenceville GA
VT,,Griffin Hite,FB,"5'11""",234,Jr,Blacksburg VA
FSU,43,Ebo Entsuah,FB,"5'11""",240,Jr,Clermont FL
CUSE,34,Adonis Ameen-Moore,RB,"5'11""",241,Sr,Denver CO
VT,,Andrew Motuapuaka,LB,"5'11""",241,Fr,Virginia Beach VA
NCSU,96,Scott Thompson,LS,"5'11""",246,Sr,Rancho Santa Margarita CA
LOU,24,Finesse Middleton,DT,"5'11""",259,Fr,Gadsden AL
FSU,22,Emmanuel Johnson,RB,"5'5""",153,Fr,Jacksonville FL
MIAMI,21,Josh Johnson,WR,"5'5""",160,Fr,Jacksonville FL
GT,38,Sam McNearney,RB,"5'6""",165,Sr,Atlanta GA
CLEM,37,Ross Sparks,RB,"5'7""",155,So,Winnsboro SC
CUSE,25,Eric Jackson,CB,"5'7""",160,Jr,Inglewood CA
CUSE,37,Ross Krautman,K,"5'7""",160,Sr,Franklin Lakes NJ
CUSE,40,Alex Schoen,CB,"5'7""",161,So,Short Hills NJ
DUKE,10,Ryan Smith,WR,"5'7""",165,So,Las Vegas NV
CLEM,82,Adrien Dunn,WR,"5'7""",170,Fr,Clemson SC
VT,4,J.C. Coleman,RB,"5'7""",191,Jr,Chesapeake VA
BC,48,Jake Wilhelm,K,"5'8""",147,So,Amherst MA
UVA,26,Anthony Calloway,RB,"5'8""",150,Fr,Lynchburg VA
MIAMI,49,Aaron Martinez,K,"5'8""",165,So,San Diego CA
GT,44,Denis Onwuala,DB,"5'8""",170,So,Alpharetta GA
PITT,10,Ronald Jones,WR,"5'8""",170,Jr,Fort Meade FL
CLEM,83,Daniel Rodriguez,WR,"5'8""",175,Sr,Stafford VA
DUKE,34,Eric Adams,RB,"5'8""",175,Sr,Gulf Breeze FL
DUKE,32,Jamie Cockey,CB,"5'8""",175,Jr,Montclair NJ
GT,9,Tony Zenon,RB,"5'8""",175,Sr,Albany GA
VT,,Remington Hinshaw,K,"5'8""",178,Jr,Roanoke VA
MIAMI,40,Grant Coffman,P,"5'8""",182,Fr,Dublin OH
UVA,23,Khalek Shepherd,RB,"5'8""",185,Sr,Upper Marlboro MD
MIAMI,30,De'Andre Johnson,RB,"5'8""",196,Sr,Miami FL
UVA,25,Kevin Parks,RB,"5'8""",205,Sr,Salisbury NC
FSU,64,Brian Patterson II,LS,"5'8""",208,So,Tampa FL
BC,46,E.J. Fortenberry,DB,"5'9""",157,Fr,Santa Monica CA
LOU,33,Jordan Streeter,DB,"5'9""",157,Jr,Florence KY
FSU,94,Michael Dougherty,K,"5'9""",160,So,Valrico FL
PITT,14,Avonte Maddox,DB,"5'9""",165,Fr,Detroit MI
WAKE,18,John Armstrong,WR,"5'9""",165,So,Orlando FL
DUKE,30,Jared Boyd,CB,"5'9""",170,Jr,Stone Mountain GA
GT,20,Lawrence Austin,DB,"5'9""",170,Fr,Barnesville GA
NCSU,12,Nicholas Lacy,DB,"5'9""",170,Fr,Pinehurst NC
VT,,Erikk Banks,CB,"5'9""",171,Fr,Coeburn VA
CUSE,20,Brisly Estime,WR,"5'9""",172,So,Delray Beach FL
LOU,4,Robert Clark,WR,"5'9""",173,Sr,Palm Beach Gardens FL
CLEM,31,Ryan Carter,CB,"5'9""",175,Fr,Loganville GA
DUKE,3,Jamison Crowder,WR,"5'9""",175,Sr,Monroe NC
DUKE,27,DeVon Edwards,S,"5'9""",175,So,Covington GA
GT,18,Zach Allen,DB,"5'9""",175,So,Roswell GA
UNC,7,Austin Proehl,WR,"5'9""",175,Fr,Charlotte NC
FSU,8,Kermit Whitfield,WR,"5'9""",177,So,Orlando FL
CUSE,42,Joe Stanard,CB,"5'9""",179,So,Baldwinsville NY
NCSU,80,Bryan Underwood,WR,"5'9""",179,Sr,University Heights OH
CUSE,19,Joe Nassib,CB,"5'9""",180,Sr,Newton Square PA
DUKE,35,Ross Martin,K,"5'9""",180,Jr,Solon OH
DUKE,29,Shaun Wilson,RB,"5'9""",180,Fr,Charlotte NC
MIAMI,2,Joseph Yearby,RB,"5'9""",180,Fr,Miami FL
GT,41,Austin McClellan,RB,"5'9""",183,So,Wildwood FL
CLEM,14,Martin Jenkins,DB,"5'9""",185,Sr,Roswell GA
GT,29,Isiah Willis,RB,"5'9""",185,So,Marietta GA
MIAMI,83,Braxton Berrios,WR,"5'9""",185,Fr,Raleigh NC
PITT,12,Chris Blewitt,K,"5'9""",185,So,Alexandria VA
WAKE,5,Orville Reynolds,WR,"5'9""",185,Sr,Coral Springs FL
LOU,15,Andrew Johnson,CB,"5'9""",186,Sr,Miami FL
GT,36,Brandon Dumbuya,DB,"5'9""",187,Fr,Stone Mountain GA
NCSU,33,Charlie Twitty,CB,"5'9""",187,So,Raleigh NC
DUKE,15,Quay Mann,S,"5'9""",190,Fr,Rocky Mount NC
DUKE,9,Josh Snead,RB,"5'9""",190,Sr,Smithfield NC
GT,22,Broderick Snoddy,RB,"5'9""",190,Jr,Carrolton GA
MIAMI,20,Ray Lewis III,DB,"5'9""",190,Fr,Longwood FL
BC,35,Tyler Rouse,RB,"5'9""",192,So,Baldwinsville NY
BC,23,Myles Willis,RB,"5'9""",192,So,Conyers GA
MIAMI,28,Nantambu-Akil Fentress,DB,"5'9""",193,Sr,Nashville TN
DUKE,44,Eamonn Vain-Callahan,RB,"5'9""",195,Jr,Severna Park MD
FSU,40,Danny Adams,LS,"5'9""",195,Jr,Ft. Lauderdale FL
UNC,1,Khris Francis,RB,"5'9""",195,So,Durham NC
NCSU,21,Matt Dayes,RB,"5'9""",202,So,Weston FL
VT,38,Michael Branthover,P,"5'9""",202,Sr,Dayton MD
MIAMI,8,Duke Johnson,RB,"5'9""",206,Jr,Miami FL
GT,62,Joshua Rogers,LB,"5'9""",208,Sr,Canton GA
DUKE,23,Joseph Ajeigbe,RB,"5'9""",210,Fr,Riverside CA
LOU,20,Corvin Lamb,RB,"5'9""",212,Jr,Miami FL
LOU,26,Michael Dyer,RB,"5'9""",215,Sr,Little Rock AR
NCSU,22,Dayton Campos,WR,"5'9""",215,Sr,Jacksonville NC
LOU,23,Brandon Radcliff,RB,"5'9""",216,So,Miami FL
VT,,Josh Eberly,LB,"5'9""",219,So,Broadway VA
FSU,15,Matthew Finn,K,"6'0""",151,So,Maitland FL
DUKE,4,Johnell Barnes,WR,"6'0""",170,So,Lehigh Acres FL
FSU,83,Dan O'Neill,WR,"6'0""",170,Jr,Jupiter FL
WAKE,25,Brad Watson,CB,"6'0""",170,So,Round Rock TX
MIAMI,18,Matt Goudis,K,"6'0""",172,Jr,West Hills CA
DUKE,31,Breon Borders,CB,"6'0""",175,So,Statesville NC
FSU,80,Rashad Greene,WR,"6'0""",175,Sr,Albany GA
LOU,45,Mitchell Nelson,CB,"6'0""",175,Jr,Louisville KY
MIAMI,45,Andrew McClelland,DB,"6'0""",175,So,Wilmington DE
UNC,20,Will O'Briant,K,"6'0""",175,Fr,Asheboro NC
WAKE,20,Chuck Schlegel,CB,"6'0""",175,Sr,Sunbury PA
FSU,45,Will Burnham,RB,"6'0""",178,Jr,Lithia FL
BC,42,Austin Brown,DB,"6'0""",180,So,Simi Valley CA
CLEM,5,Germone Hopper,WR,"6'0""",180,So,Charlotte NC
CUSE,13,Corey Winfield,WR,"6'0""",180,Fr,St. Louis MO
LOU,26,De'Eric Culver,,"6'0""",180,Fr,Tallahassee FL
LOU,27,Jermaine Reve,S,"6'0""",180,Jr,Miami FL
MIAMI,34,Josh Harris,WR,"6'0""",180,Fr,Muttontown NY
MIAMI,31,Malik Mayweather,WR,"6'0""",180,Fr,Olive Branch MS
UVA,22,Drequan Hoskey,CB,"6'0""",180,Sr,Richmond VA
CUSE,25,Jeremiah Kobena,WR,"6'0""",182,Sr,New York NY
VT,28,Chris Mangus,RB,"6'0""",182,So,Raleigh NC
LOU,24,Zykiesis Cannon,CB,"6'0""",183,Fr,Mauldin SC
MIAMI,24,Larry Hope,DB,"6'0""",183,So,Miami FL
CUSE,7,Troy Green,QB,"6'0""",184,So,Skaneateles NY
CLEM,26,Garry Peters,CB,"6'0""",185,Sr,Conyers GA
DUKE,20,Jake Kite,S,"6'0""",185,Fr,Roanoke VA
GT,17,Ty Griffin,QB,"6'0""",185,Fr,Atlanta GA
GT,49,Clinton Lynch,WR,"6'0""",185,Fr,Norcross GA
GT,12,Demond Smith,DB,"6'0""",185,Jr,Monroe GA
LOU,85,George Clements,WR,"6'0""",185,So,Willow Spring NC
NCSU,30,Mike Stevens,CB,"6'0""",185,Fr,Davidson NC
PITT,15,Reggie Mitchell,DB,"6'0""",185,So,Pittsburgh PA
UNC,16,Alex Dixon,CB,"6'0""",185,So,Clearwater FL
UNC,98,Freeman Jones,K,"6'0""",185,Fr,Bunn NC
UNC,55,Marlon Petty,LB,"6'0""",185,Fr,McLeansville NC
UVA,21,Brandon Phelps,S,"6'0""",185,Sr,Damascus MD
UVA,91,Dylan Sims,K,"6'0""",185,So,Lynchburg VA
WAKE,13,Jalen Latter,CB,"6'0""",185,So,Charlotte NC
WAKE,24,Josh Okonye,CB,"6'0""",185,Fr,Sugar Land TX
CUSE,6,Corey Cooper,WR,"6'0""",186,Fr,Raleigh NC
LOU,12,Kai De La Cruz,WR,"6'0""",186,Sr,Montvale NJ
LOU,13,Andrew Risher,QB,"6'0""",186,So,Louisville KY
BC,24,Allen Dawson,DB,"6'0""",187,Fr,Ft. Lauderdale FL
VT,,Michael Brainard,WR,"6'0""",188,Jr,Clifton VA
GT,4,Jamal Golden,DB,"6'0""",189,Sr,Wetumpka AL
DUKE,5,Johnathan Lloyd,CB,"6'0""",190,Fr,Graham NC
FSU,32,Larry Lawson III,P,"6'0""",190,So,Tampa FL
GT,3,Dennis Andrews,RB,"6'0""",190,So,Tallahassee FL
MIAMI,9,Malcolm Lewis,WR,"6'0""",190,So,Miramar FL
NCSU,37,Jackson Maples,K,"6'0""",190,Fr,Southern Pines NC
UNC,41,Daniel Downing,DB,"6'0""",190,So,Greensboro NC
UNC,36,Ryan Mangum,DB,"6'0""",190,So,Raleigh NC
UVA,18,Anthony Cooper,S,"6'0""",190,So,Virginia Beach VA
UVA,28,Willem van Reesema,K,"6'0""",190,So,Virginia Beach VA
WAKE,55,Brad Demuth,LB,"6'0""",190,So,Nashville NC
WAKE,15,Allen Ramsey,CB,"6'0""",190,Jr,Fort Lauderdale FL
BC,43,John Johnson,CB,"6'0""",191,So,West Hyattsville MD
FSU,20,Trey Marshall,DB,"6'0""",192,Fr,Lake City FL
NCSU,41,Cole Boroughs,CB,"6'0""",194,So,Asheboro NC
VT,8,Detrick Bonner,S,"6'0""",194,Sr,McDonough GA
CLEM,49,Beau Brown,S,"6'0""",195,Jr,Beaufort SC
CLEM,22,D.J. Howard,RB,"6'0""",195,Sr,Lincoln AL
CLEM,25,Cordrea Tankersley,DB,"6'0""",195,So,Aiken SC
GT,27,Lynn Griffin,DB,"6'0""",195,So,Jacksonville FL
PITT,11,Trey Anderson,QB,"6'0""",195,Jr,Pearland TX
PITT,38,Ryan Lewis,DB,"6'0""",195,So,Seattle WA
UNC,5,T.J. Thorpe,WR,"6'0""",195,So,Durham NC
UNC,19,Nick Weiler,K,"6'0""",195,So,Fairfax Station VA
FSU,26,P.J. Williams,DB,"6'0""",196,Jr,Ocala FL
LOU,45,John Wallace,K,"6'0""",196,Jr,Cecilia KY
MIAMI,1,Artie Burns,DB,"6'0""",198,So,Miami FL
LOU,22,Richard Benjamin,CB,"6'0""",199,Fr,Tampa FL
BC,19,Sean Sylvia,DB,"6'0""",200,Sr,Dartmouth MA
BC,29,Joel Karim Zoungrana,DB,"6'0""",200,So,Montreal PQ
CLEM,11,Travis Blanks,S,"6'0""",200,Jr,Tallahassee FL
FSU,4,Dalvin Cook,RB,"6'0""",200,Fr,Miami FL
GT,34,Matt Connors,RB,"6'0""",200,Sr,Alpharetta GA
NCSU,6,Tim Buckley,S,"6'0""",200,Jr,Raleigh NC
UNC,42,Charles Brunson,RB,"6'0""",200,So,Winston-Salem NC
UVA,81,Jamall Brown,WR,"6'0""",200,So,Hampton VA
UVA,25,David Marrs,S,"6'0""",200,Sr,Blulefield VA
UVA,16,Mason Thomas,S,"6'0""",200,Jr,Virginia Beach VA
WAKE,21,Josh M. Harris,CB,"6'0""",200,Jr,Raeford NC
CUSE,29,Devante McFarlane,RB,"6'0""",201,So,Wheatley Heights NY
CUSE,26,Josh Mims,S,"6'0""",201,Jr,Syracuse NY
LOU,8,Gerod Holliman,S,"6'0""",201,Jr,Miami FL
FSU,42,Lamarcus Brutus,DB,"6'0""",202,So,Port St. Lucie FL
FSU,12,Jarred Haggins,WR,"6'0""",202,Jr,Lakeland FL
GT,31,Deon Hill,RB,"6'0""",202,Sr,Phenix City AL
CUSE,27,George Morris II,RB,"6'0""",203,So,Lawrenceville GA
FSU,59,Andrew Wright,LB,"6'0""",205,Sr,Bradenton FL
GT,66,Blake Hembree,LB,"6'0""",205,Jr,Canton GA
LOU,18,Ethan Horton,QB,"6'0""",205,Fr,Hyden KY
MIAMI,22,Kiy Hester,DB,"6'0""",205,Fr,Wayne NJ
WAKE,20,Dezmond Wortham,RB,"6'0""",205,Fr,Frisco TX
VT,41,Derek DiNardo,LB,"6'0""",207,Sr,Virginia Beach VA
VT,,Colton Taylor,LS,"6'0""",207,Fr,Salem VA
VT,19,Chuck Clark,S,"6'0""",208,So,Suffolk VA
DUKE,24,Zavier Carmichael,LB,"6'0""",210,Fr,Eight Mile AL
FSU,73,Joseph Hernandez,LB,"6'0""",210,Fr,Miami Beach FL
MIAMI,41,Wyatt Chickillo,DB,"6'0""",210,Fr,Miami FL
PITT,49,Nico Elms,LB,"6'0""",210,Fr,Gibsonia PA
WAKE,39,Jaboree Williams,LB,"6'0""",210,Fr,Deerfield Beach FL
CUSE,49,Alryk Perry,LB,"6'0""",211,Fr,Columbus AL
LOU,30,Kamal Hogan,S,"6'0""",211,Sr,Montvale NJ
GT,18,Tim Byerly,QB,"6'0""",212,Jr,Alpharetta GA
BC,28,Matt Milano,LB,"6'0""",215,So,Orlando FL
GT,8,Travis Custis,RB,"6'0""",215,Fr,Hampton GA
GT,45,Donovan Wilson,RB,"6'0""",215,Fr,Dublin OH
LOU,13,James Burgess,LB,"6'0""",215,Jr,Homestead FL
LOU,34,L.J. Scott,RB,"6'0""",215,Fr,Marion OH
UNC,56,Cayson Collins,LB,"6'0""",215,Fr,Charlotte NC
UVA,30,LaChaston Smith,RB,"6'0""",215,So,Statesville NC
VT,,Jack Sheehan,LS,"6'0""",215,Fr,Virginia Beach VA
NCSU,52,Ben Garnett,LS,"6'0""",217,Jr,Charlotte NC
BC,9,Dominique Williams,DB,"6'0""",218,Sr,Brockton MA
GT,21,Charles Perkins,RB,"6'0""",218,Sr,Lawrenceville GA
MIAMI,44,Walter Tucker,FB,"6'0""",218,So,Plantation FL
VT,44,Devin Vandyke,LB,"6'0""",218,So,Lorton VA
NCSU,54,Davion Allred,DE,"6'0""",219,Fr,Raleigh NC
CUSE,58,Hernz Laguerre,LB,"6'0""",220,Jr,Spring Valley NY
MIAMI,53,Jared Goldenberg,LB,"6'0""",220,Fr,Ramsey NJ
NCSU,58,Airius Moore,LB,"6'0""",220,Fr,Beavercreek OH
UNC,39,Connor Gonet,RB,"6'0""",220,So,Raleigh NC
UNC,34,Cole Holcomb,LB,"6'0""",220,Fr,New Smyrna Beach FL
UNC,34,Elijah Hood,RB,"6'0""",220,Fr,Charlotte NC
UNC,57,Tyrell Tomlin,LB,"6'0""",220,Fr,Marietta GA
UVA,29,D.J. Hill,LB,"6'0""",220,Sr,Covington GA
UVA,45,Israel Vaughan,FB,"6'0""",220,So,Richmond VA
VT,65,Joe St. Germain,LS,"6'0""",220,Sr,Los Alamitos CA
VT,32,Josh Trimble,LB,"6'0""",222,Jr,Ashburn VA
VT,25,Jerome Wright,RB,"6'0""",224,So,Richmond VA
CLEM,35,Quintin Hall,LB,"6'0""",225,So,Piedmont SC
DUKE,7,Anthony Boone,QB,"6'0""",225,Sr,Monroe NC
NCSU,28,Jaylen Samuels,RB,"6'0""",225,Fr,Charlotte NC
PITT,30,Mike Caprara,LB,"6'0""",225,So,Turtle Creek PA
UNC,14,Clint Heaven,LB,"6'0""",225,Fr,Palmetto FL
NCSU,37,Quinton Patterson,LB,"6'0""",229,Fr,Shelby NC
BC,56,Michael Fischer,LS,"6'0""",230,So,Wellesley MA
DUKE,54,C.J. France,LB,"6'0""",230,Sr,Columbus GA
DUKE,48,Deion Williams,LB,"6'0""",230,Jr,Long Beach CA
FSU,37,Brandyn Musgrave,TE,"6'0""",230,So,Port St. Lucie FL
MIAMI,49,Ryan Williams,LB,"6'0""",230,Fr,Charlotte NC
UNC,70,Alex Marrs,LS,"6'0""",230,Jr,Bluefield VA
WAKE,50,Grant Dawson,LB,"6'0""",230,Fr,Winston-Salem NC
WAKE,30,Hunter Williams,LB,"6'0""",230,Jr,Wake Forest NC
MIAMI,54,JaWand Blue,LB,"6'0""",232,So,Boca Raton FL
CLEM,40,Kurt Fleming,RB,"6'0""",235,Fr,Louisa VA
MIAMI,43,Tyler Odems,FB,"6'0""",240,So,Manassas VA
PITT,40,Colton Lively,FB,"6'0""",240,Fr,Lake Dallas TX
MIAMI,52,Denzel Perryman,LB,"6'0""",242,Sr,Coral Gables FL
PITT,46,Adam Lazenga,FB,"6'0""",245,Sr,Bethel Park PA
WAKE,32,Charles Argenzio,FB,"6'0""",245,So,Richmond VA
CUSE,80,Tyler Provo,TE,"6'0""",246,Fr,West Palm Beach FL
NCSU,95,Art Norman,DE,"6'0""",252,Sr,Stone Mountain GA
PITT,5,Ejuan Price,DL,"6'0""",255,Jr,Rankin PA
BC,52,Steven Daniels,LB,"6'0""",257,Jr,Cincinnati OH
CLEM,59,Justin Miller,C,"6'0""",260,Fr,Six Mile SC
PITT,64,Trent Neavin,DL,"6'0""",260,Fr,Martins Ferry OH
VT,,Andrew Williams,OL,"6'0""",268,Fr,Daleville VA
GT,97,Shawn Green,DL,"6'0""",280,Sr,Grayson GA
CUSE,52,Eric Crume,NT,"6'0""",305,Sr,Detroit MI
PITT,95,Khaynin Mosley-Smith,DL,"6'0""",310,Jr,Pittsburgh PA
LOU,35,Anthony George,K,"6'1""",164,So,Louisville KY
UNC,40,Luke Heavner,WR,"6'1""",165,So,Jamestown NC
FSU,27,Marquez White,DB,"6'1""",168,So,Dothan AL
GT,,Dillon Moore,K,"6'1""",168,Fr,College Station TX
BC,20,Isaac Yiadom,DB,"6'1""",170,Fr,Worcester MA
DUKE,82,Chris Taylor,WR,"6'1""",170,Fr,Miramar FL
BC,17,Bryce Jones,DB,"6'1""",174,Jr,University Heights OH
DUKE,84,Trevon Lee,WR,"6'1""",175,Fr,Plantation FL
LOU,85,Cody Swabeck,WR,"6'1""",175,Fr,Louisville KY
NCSU,21,Elliott Davis,CB,"6'1""",175,Fr,Gaithersburg MD
PITT,21,Titus Howard,DB,"6'1""",175,So,Clairton PA
UNC,2,Des Lawrence,DB,"6'1""",175,So,Charlotte NC
WAKE,9,Kevin Johnson,CB,"6'1""",175,Sr,Clarksville MD
FSU,11,John Franklin III,QB,"6'1""",178,Fr,Plantation FL
VT,80,Demitri Knowles,WR,"6'1""",178,Jr,Lynchburg VA
DUKE,86,Terrence Alls,WR,"6'1""",180,Fr,Miami Gardens FL
UNC,31,Blake Bozymski,P,"6'1""",180,Fr,Winston-Salem NC
UNC,35,Damien Washington,WR,"6'1""",180,Jr,Kannapolis NC
WAKE,18,Mike Weaver,P,"6'1""",180,Fr,Pine City NY
VT,12,Michael Brewer,QB,"6'1""",183,Jr,Lake Travis TX
CLEM,17,Kyrin Priester,WR,"6'1""",185,Fr,Snellville GA
DUKE,11,T.J. Douglas,CB,"6'1""",185,Fr,Fort Myers FL
FSU,82,Bryan LaCivita,WR,"6'1""",185,Fr,Gainesville FL
GT,12,Will Somers,P,"6'1""",185,Fr,Johns Creek GA
MIAMI,3,Stacy Coley,WR,"6'1""",185,So,Pompano Beach FL
MIAMI,27,Ryan Mayes,DB,"6'1""",185,Fr,Miami FL
PITT,29,Rachid Ibrahim,RB,"6'1""",185,So,Rockville MD
UNC,85,Devin Perry,WR,"6'1""",185,Fr,Memphis TN
VT,18,David Prince,WR,"6'1""",185,Fr,Roanoke VA
WAKE,27,Chad Hedlund,K,"6'1""",185,Jr,Argyle TX
WAKE,82,P.J. Howard IV,WR,"6'1""",185,Jr,Portsmouth VA
BC,38,Griff Rogan,WR,"6'1""",186,Sr,Garden City NY
LOU,28,Terrence Ross,S,"6'1""",186,Fr,Apopka FL
CUSE,82,Alvin Cornelius,WR,"6'1""",187,So,Staten Island NY
CUSE,1,Julian Whigham,CB,"6'1""",187,Jr,West Palm Beach FL
CLEM,24,Zac Brooks,RB,"6'1""",190,Jr,Jonesboro AR
CLEM,17,Austin McCaskill,QB,"6'1""",190,Jr,Easley SC
FSU,86,Rosier Dorcin,WR,"6'1""",190,Jr,Miami FL
GT,13,Bennett Barton,WR,"6'1""",190,Fr,Roswell GA
GT,13,John Marvin,DB,"6'1""",190,Fr,Ft. Walton Beach FL
GT,33,Jalen Saunders,WR,"6'1""",190,Fr,Augusta GA
GT,84,Micheal Summers,WR,"6'1""",190,So,Statesboro GA
NCSU,82,Bo Hines,WR,"6'1""",190,Fr,Charlotte NC
UNC,4,Allen Artis,DB,"6'1""",190,Fr,Marietta GA
UVA,8,Anthony Harris,S,"6'1""",190,Sr,Chesterfield VA
UVA,38,Kelvin Rainey,S,"6'1""",190,So,Houston TX
BC,10,Bobby Swigert,WR,"6'1""",192,Sr,Louisville OH
GT,42,Nick Luly,DB,"6'1""",192,Fr,Alpharetta GA
CLEM,18,Jadar Johnson,S,"6'1""",195,So,Orangeburg SC
CLEM,8,Demarre Kitt,WR,"6'1""",195,Fr,Fayetteville GA
DUKE,37,Phillip Carter,S,"6'1""",195,Fr,El Dorado Hills CA
MIAMI,38,Jordan Tolson,DB,"6'1""",195,Sr,Inglewood CA
UVA,27,Malcolm Cook,S,"6'1""",195,Fr,Richmond VA
NCSU,29,Jack Tocho,CB,"6'1""",196,So,Charlotte NC
VT,5,Joshua Stanford,WR,"6'1""",196,So,Mississauga ON
BC,15,James Walsh,QB,"6'1""",197,Fr,Dublin OH
GT,89,Jamie Alvarez,WR,"6'1""",197,Sr,Ft. Myers FL
FSU,8,Jalen Ramsey,DB,"6'1""",198,So,Brentwood TN
CUSE,21,Chauncey Scissum,S,"6'1""",199,Fr,West Henrietta NY
CLEM,9,Wayne Gallman,RB,"6'1""",200,Fr,Loganville GA
DUKE,16,Robert Collins,QB,"6'1""",200,Sr,St. Davids PA
DUKE,13,Michael Westray,CB,"6'1""",200,So,Waldorf MD
LOU,36,Luke Brohm,FB,"6'1""",200,Jr,Louisville KY
UNC,29,Jeff Battle,S,"6'1""",200,So,Lenoir NC
UNC,24,Ayden Bonilla,DB,"6'1""",200,Fr,Woodstock GA
UNC,41,Shaquille Price,CB,"6'1""",200,So,Immo SC
UVA,5,David Watford,QB,"6'1""",200,Jr,Hampton VA
VT,,B.J. Martin,LB,"6'1""",200,So,Martinsville VA
WAKE,87,Brad Idzik,WR,"6'1""",200,Sr,Mercer Island WA
LOU,19,Reggie Green,QB,"6'1""",201,Jr,Greenville NC
MIAMI,2,Deon Bush,DB,"6'1""",203,Jr,Miami FL
CLEM,61,David Estes,LS,"6'1""",205,So,Mauldin SC
MIAMI,7,Marques Gayot,S,"6'1""",205,Fr,Lake Worth FL
PITT,16,Chad Voytik,QB,"6'1""",205,So,Cleveland TN
UNC,16,Caleb Pressley,QB,"6'1""",205,So,Asheville NC
WAKE,45,Nick Karp,LB,"6'1""",205,Fr,Glastonbury CT
NCSU,11,Juston Burris,CB,"6'1""",206,Jr,Raleigh NC
MIAMI,6,Jamal Carter,S,"6'1""",207,So,Homestead FL
NCSU,10,Shadrach Thornton,RB,"6'1""",207,Jr,Hinesville GA
MIAMI,26,Rayshawn Jenkins,DB,"6'1""",208,Jr,St. Petersburg FL
VT,35,Dahman McKinnon,LB,"6'1""",208,So,Hope Mills NC
VT,,Quinton Taylor,LB,"6'1""",208,So,Chester VA
FSU,19,Roberto Aguayo,K,"6'1""",209,Fr,Mascotte FL
DUKE,53,Chris Hoover,LB,"6'1""",210,Sr,Maumee OH
DUKE,40,Dwayne Norman,S,"6'1""",210,Jr,Jacksonville FL
MIAMI,5,Jermaine Grace,LB,"6'1""",210,So,Miami Gardens FL
MIAMI,16,Jake Heaps,QB,"6'1""",210,Sr,Sammamish WA
NCSU,45,Artemis Robinson,LB,"6'1""",210,Fr,Laurinburg NC
UNC,31,Cameron Albright,DB,"6'1""",210,Fr,Kennesaw GA
UNC,53,Malik Carney,LB,"6'1""",210,Fr,Alexandria VA
VT,83,Charley Meyer,WR,"6'1""",211,So,Richmond VA
VT,24,Anthony Shegog,S,"6'1""",211,Fr,Stafford VA
MIAMI,12,Malik Rosier,QB,"6'1""",212,Fr,Mobile AL
VT,,Sean Huelskamp,LB,"6'1""",212,So,Centreville VA
VT,27,A.J. Hughes,P,"6'1""",212,Jr,Terre Haute IN
VT,,Jamieon Moss,LB,"6'1""",212,Fr,Elizabeth City NC
FSU,58,Ryan Alicea,LB,"6'1""",213,Fr,Wellington FL
GT,37,Zach Laskey,RB,"6'1""",214,Sr,Peachtree City GA
FSU,91,Anthony Valdes,LB,"6'1""",215,Fr,Royal Palm Beach FL
UNC,55,Tommy Heffernan,LB,"6'1""",215,Jr,Miami FL
UNC,54,Michael Steinbacher,LB,"6'1""",215,Fr,Concord NC
UVA,40,Darius Lee,LB,"6'1""",215,Jr,Alexandria VA
WAKE,32,Ford Howell,LB,"6'1""",215,Fr,Memphis TN
FSU,5,Reggie Northrup,LB,"6'1""",217,Jr,Jacksonville FL
LOU,55,Keith Kelsey,LB,"6'1""",217,So,Gainesville FL
VT,14,Trey Edmunds,RB,"6'1""",217,So,Danville VA
VT,6,Mark Leal,QB,"6'1""",218,Sr,Greenacres FL
BC,61,A.J. Caruso,LB,"6'1""",219,So,West Allenhurst NJ
FSU,9,Karlos Williams,RB,"6'1""",219,Sr,Davenport FL
CLEM,87,D.J. Greenlee,TE,"6'1""",220,Fr,Central SC
CUSE,54,Kennedy Kodua,DE,"6'1""",220,Sr,Bronx NY
DUKE,43,Tinashe Bere,LB,"6'1""",220,Fr,Cincinnati OH
GT,59,Chase Alford,LB,"6'1""",220,So,Conyers GA
LOU,33,Grant Donovan,LS,"6'1""",220,Sr,Louisville KY
MIAMI,46,Austin Dane Sellers,LB,"6'1""",220,Fr,Boca Raton FL
PITT,3,Nicholas Grigsby,LB,"6'1""",220,Jr,Trotwood OH
PITT,67,David Murphy,LS,"6'1""",220,Jr,Orchard Park NY
PITT,61,Pat Quirin,LS,"6'1""",220,So,Pittsburgh PA
UNC,10,Jeff Schoettmer,LB,"6'1""",220,So,Dallas TX
MIAMI,57,Mike Smith,DE,"6'1""",221,Fr,Miami FL
FSU,46,Jayon Young,TE,"6'1""",224,So,Coral Springs FL
CLEM,52,Kellen Jones,LB,"6'1""",225,Jr,Houston TX
PITT,76,Jeremy Gonzales,DL,"6'1""",225,Fr,Wexford PA
UNC,8,Norkeithus Otis,LB,"6'1""",225,Sr,Gastonia NC
WAKE,54,Britt Cherry,LB,"6'1""",225,Jr,Apex NC
FSU,28,Nigel Terrell,FB,"6'1""",227,Jr,Pelham AL
VT,,Laird Gardner,DE,"6'1""",227,Jr,Monroe Township NJ
NCSU,46,Ernie Robinson,LB,"6'1""",229,So,Laurinburg NC
CLEM,56,Collins Mauldin,TE,"6'1""",230,Jr,Rock Hill SC
CLEM,7,Tony Steward,LB,"6'1""",230,Sr,Hastings FL
CUSE,31,Clay Cleveland,FB,"6'1""",230,Sr,Boxford MA
FSU,23,Freddie Stevenson,FB,"6'1""",230,So,Bartow FL
UNC,52,Kemmi Pettway,LB,"6'1""",230,Fr,Charlotte NC
NCSU,4,Jerod Fernandez,LB,"6'1""",231,Fr,Lake Mary FL
GT,33,Beau Hankins,LB,"6'1""",232,So,Birmingham AL
GT,54,Quayshawn Nealy,LB,"6'1""",232,Sr,Lakeland FL
CLEM,44,B.J. Goodson,LB,"6'1""",235,Jr,Lamar SC
LOU,1,Keith Brown,LB,"6'1""",235,Jr,Miami FL
MIAMI,56,Raphael Kirby,LB,"6'1""",235,Jr,Stone Mountain GA
UNC,84,Ian Dibble,DL,"6'1""",235,So,Charlotte NC
UVA,13,Daquan Romero,LB,"6'1""",235,Sr,Hampton VA
WAKE,44,Ben Emert,FB,"6'1""",235,Sr,Ball Ground GA
LOU,32,Stacy Thomas,DE,"6'1""",237,Fr,Miami FL
FSU,44,Cameron Ponder,FB,"6'1""",240,Sr,Yulee FL
WAKE,48,Brandon Chubb,LB,"6'1""",240,Jr,Marietta GA
CUSE,32,Travon Burke,FB,"6'1""",245,Sr,Syracuse NY
CUSE,42,Jacob Green,TE,"6'1""",245,Jr,Seattle WA
DUKE,22,Britton Grier,DE,"6'1""",245,Jr,Charlotte NC
VT,,Corey Marshall,DT,"6'1""",257,Sr,Petersburg VA
UNC,74,Arien Smith,C,"6'1""",260,So,Graham NC
CUSE,74,Seamus Shanley,G,"6'1""",264,Jr,Syracuse NY
NCSU,93,Rogers Clark,DT,"6'1""",264,So,Woodberry Forest VA
VT,60,Woody Baron,DT,"6'1""",264,So,Nashville TN
CUSE,55,Marcus Coleman,DT,"6'1""",266,So,Voorhees NY
VT,92,Kris Harley,DL,"6'1""",270,Jr,Indianapolis IN
UVA,58,Chris Brathwaite,DT,"6'1""",280,Sr,Brooklyn NY
DUKE,91,Jamal Bruce,NT,"6'1""",285,Sr,LaGrange GA
LOU,63,Josh Stearns,OL,"6'1""",285,Jr,Louisville KY
UVA,92,Greg Gallop,DT,"6'1""",285,Sr,Chester VA
NCSU,75,T.Y. McGill,DT,"6'1""",289,Sr,Jesup GA
UVA,55,David Dean,DT,"6'1""",290,Jr,Virginia Beach VA
VT,92,Luther Maddy,DT,"6'1""",291,Sr,Delray Beach FL
CLEM,50,Grady Jarrett,DT,"6'1""",295,Sr,Conyers GA
CLEM,99,DeShawn Williams,DT,"6'1""",295,Sr,Central SC
DUKE,92,Edgar Cerenord,DT,"6'1""",300,Fr,Miami FL
MIAMI,90,Corey King,DL,"6'1""",302,Jr,Boca Raton FL
NCSU,65,Joey Buccola,T,"6'1""",303,Sr,Raleigh NC
MIAMI,72,Earl Moore,DL,"6'1""",304,Jr,Tampa FL
GT,70,Shaquille Mason,OL,"6'1""",305,Sr,Columbia TN
UNC,97,Shawn Underwood,DT,"6'1""",305,Sr,Fuquay-Varina NC
NCSU,69,Thomas Teal,DT,"6'1""",308,Sr,Bennettsville SC
LOU,97,DeAngelo Brown,DT,"6'1""",318,Jr,Savannah GA
FSU,99,Nile Lawrence-Stample,DT,"6'1""",319,So,Fort Lauderdale FL
MIAMI,92,Courtel Jenkins,DL,"6'1""",320,Fr,Wayne NJ
LOU,81,Chris Miele,WR,"6'2""",170,Fr,Louisville KY
PITT,39,Jaquaun Davidson,WR,"6'2""",170,Fr,Elizabeth PA
LOU,17,James Quick,WR,"6'2""",171,So,Louisville KY
FSU,88,Jeren Kowalewski,WR,"6'2""",175,Fr,Bradenton FL
GT,80,Anthony Autry,WR,"6'2""",175,So,Norcross GA
LOU,22,Charles Williams,CB,"6'2""",180,So,Hialeah FL
PITT,35,Jalen Williams,DB,"6'2""",180,Fr,Newburgh NY
WAKE,7,Maddox Stamey,WR,"6'2""",180,So,Rutherfordton NC
FSU,16,Alfredo Davis,TE,"6'2""",185,Fr,Miami FL
FSU,87,Jared Jackson,WR,"6'2""",185,So,Monticello FL
LOU,87,Cameron Polk,WR,"6'2""",185,Fr,Fishers IN
UVA,26,Maurice Canady,CB,"6'2""",185,Jr,Richmond VA
WAKE,11,Airyn Willis,WR,"6'2""",185,Jr,High Point NC
WAKE,15,Brendan Wood,QB,"6'2""",185,Fr,Mendham NJ
WAKE,11,Anthony Wooding Jr.,S,"6'2""",185,Sr,Folkston GA
NCSU,27,Kalen McCain,S,"6'2""",186,Fr,Durham NC
MIAMI,87,Garrett Kidd,WR,"6'2""",188,Jr,Midland MI
CLEM,,Alex Spence,K,"6'2""",190,Fr,Florence SC
CUSE,16,Keenan Hale,WR,"6'2""",190,Jr,Conyers GA
CUSE,36,Alex Hodgkinson,K,"6'2""",190,Sr,London
DUKE,13,Kane Banner,QB,"6'2""",190,So,Lumberton NC
PITT,25,Pat Amara,DB,"6'2""",190,Fr,Philadelphia PA
PITT,23,Tyler Boyd,WR,"6'2""",190,So,Clairton PA
PITT,80,Zach Challingsworth,WR,"6'2""",190,Fr,McDonald PA
UNC,18,Josh Cabrera,WR,"6'2""",190,Fr,Jacksonville NC
UVA,5,Tim Harris,CB,"6'2""",190,So,Richmond VA
BC,33,Jeffrey Jay,WR,"6'2""",191,Sr,Greenwich CT
MIAMI,6,Herb Waters,WR,"6'2""",191,Jr,Homestead FL
VT,31,Brandon Facyson,CB,"6'2""",191,So,Newnan GA
FSU,19,Troy Cook,QB,"6'2""",193,Fr,Miami FL
LOU,2,Michaelee Harris,WR,"6'2""",193,Sr,Miami FL
VT,,Austin Jones,WR,"6'2""",193,So,Mason OH
CUSE,84,Ben Lewis,WR,"6'2""",194,So,Middletown MD
DUKE,87,Max McCaffrey,WR,"6'2""",195,Jr,Castle Rock CO
DUKE,95,Jack Willoughby,K,"6'2""",195,Sr,Princeton NJ
GT,14,Corey Griffin,DB,"6'2""",195,Fr,Tyrone GA
PITT,28,Elijah Zeise,WR,"6'2""",195,Fr,Pittsburgh PA
UNC,95,Thomas Blakey,K,"6'2""",195,Fr,Fairview NC
UVA,14,Andre Levrone,WR,"6'2""",195,Fr,Gaithersburg MD
NCSU,16,Malcolm Means,CB,"6'2""",197,Fr,Richburg SC
NCSU,28,Josh Sessoms,S,"6'2""",197,So,Bailey NC
GT,85,Ryan Rodwell,P,"6'2""",198,So,Deland FL
MIAMI,37,Ladarius Gunter,DB,"6'2""",198,Sr,Montgomery AL
NCSU,20,Hakim Jones,S,"6'2""",198,Jr,Henderson NC
BC,4,Darius Wade,QB,"6'2""",199,Fr,Middletown DE
PITT,59,Jamal Davis II,LB,"6'2""",200,Fr,Canton OH
UNC,28,Dante DiMaggio,WR,"6'2""",200,Fr,Apex NC
UNC,81,Kendrick Singleton,WR,"6'2""",200,Jr,Macclenny FL
UVA,32,James Coleman,P,"6'2""",200,So,Martinsville NJ
UVA,18,Andrew Mackay,QB,"6'2""",200,Fr,Fairfax VA
WAKE,57,Ali Lamot,LB,"6'2""",200,Fr,Mebane NC
GT,16,Corey Dennis,WR,"6'2""",201,Sr,Troy AL
VT,26,Desmond Frye,S,"6'2""",202,Jr,Chester VA
CUSE,88,Jarrod West,WR,"6'2""",203,Sr,Bethlehem PA
VT,,Greg Jones,S,"6'2""",203,So,Lorton VA
BC,3,Harrison Jackson,WR,"6'2""",204,Jr,Round Hill VA
CUSE,10,Josh Kirkland,LB,"6'2""",204,Sr,Paxico KS
GT,23,Domonique Noble,DB,"6'2""",204,Jr,Mount Ulla NC
CLEM,47,Marcus Bullard,LB,"6'2""",205,Jr,Columbia SC
CLEM,19,Charone Peake,WR,"6'2""",205,Jr,Moore SC
DUKE,16,Jeremy Cash,S,"6'2""",205,Jr,Plantation FL
DUKE,6,Nicodem Pierre,QB,"6'2""",205,Fr,Miami FL
DUKE,15,Mackenzie Sovereign,QB,"6'2""",205,Sr,Traverse City MI
FSU,89,Christian Green,WR,"6'2""",205,Jr,Tampa FL
GT,24,Marcus Allen,LB,"6'2""",205,So,Hilliard FL
GT,11,Matthew Jordan,QB,"6'2""",205,Fr,Jackson AL
GT,4,Brady Swilling,QB,"6'2""",205,Fr,Chatsworth GA
MIAMI,80,Rashawn Scott,WR,"6'2""",205,Sr,Melbourne FL
PITT,19,Dontez Ford,WR,"6'2""",205,So,McKees Rock PA
PITT,17,Chris Wuestner,WR,"6'2""",205,So,Carlisle PA
UNC,43,Jackson Boyer,WR,"6'2""",205,Fr,Chapel Hill NC
UNC,83,Cam Campbell,WR,"6'2""",205,So,Kernersville NC
UVA,8,Ryan Santoro,WR,"6'2""",205,Fr,Oak Hill VA
VT,15,Joel Caleb,RB,"6'2""",205,So,Midlothian VA
MIAMI,16,Garrison Lassiter,QB,"6'2""",208,Jr,High Point NC
NCSU,88,Stephen Louis,WR,"6'2""",208,Fr,West Palm Beach FL
CLEM,,Judah Davis,LB,"6'2""",210,Fr,Clemson
CLEM,11,Chad Kelly,QB,"6'2""",210,So,Buffalo NY
CLEM,6,Dorian O'Daniel,LB,"6'2""",210,Fr,Olney MD
DUKE,45,Kyle Wellner,S,"6'2""",210,So,Mill Neck NY
GT,1,Isaiah Johnson,S,"6'2""",210,Sr,Tyrone GA
NCSU,2,Josh Jones,S,"6'2""",210,Fr,Walled Lake MI
UNC,32,Joe Jackson,LB,"6'2""",210,Fr,Jacksonville FL
WAKE,6,Patrick Thompson,QB,"6'2""",210,Sr,Ashburn VA
FSU,22,Tyrell Lyons,DB,"6'2""",213,Fr,Jacksonville FL
BC,2,Tyler Murphy,QB,"6'2""",214,Sr,Wethersfield CT
DUKE,32,Chris Holmes,LB,"6'2""",215,Fr,Fredricksburg VA
GT,52,Terrell Lewis,LB,"6'2""",215,Fr,Ocoee FL
LOU,84,Colin Holba,LS,"6'2""",215,So,Louisville KY
PITT,37,Qadree Ollison,RB,"6'2""",215,Fr,Niagara Falls NY
UNC,12,Marquise Williams,QB,"6'2""",215,So,Charlotte NC
UVA,53,Micah Kiser,LB,"6'2""",215,Fr,Baltimore MD
VT,51,Jack Willenbrock,TE,"6'2""",215,So,Glemore PA
VT,36,Chase Williams,LB,"6'2""",215,Sr,Leesburg VA
LOU,10,Dominique Brown,RB,"6'2""",216,Sr,Cincinnati OH
FSU,48,Junior St. Louis,LB,"6'2""",218,Sr,Pompano Beach FL
NCSU,39,Brandon Pittman,LB,"6'2""",218,Sr,Raleigh NC
BC,25,Josh Keyes,LB,"6'2""",220,Sr,Ghent NY
CLEM,,J.D. Davis,LB,"6'2""",220,Fr,Clemson SC
CLEM,,Korie Rogers,LB,"6'2""",220,Fr,Flowery Branch GA
CLEM,75,Michael Sobeski,LS,"6'2""",220,Sr,Roebuck SC
CUSE,35,Dyshawn Davis,LB,"6'2""",220,Sr,Woodbury NJ
CUSE,7,Oliver Vigille,LB,"6'2""",220,Jr,Miami FL
DUKE,12,Parker Boehme,QB,"6'2""",220,Fr,Jacksonville Beach FL
GT,95,Tyler Merriweather,DE,"6'2""",220,Fr,Demopolis AL
PITT,82,Manasseh Garner,TE,"6'2""",220,Sr,Pittsburgh PA
PITT,58,Quintin Wirginis,LB,"6'2""",220,Fr,Pittsburgh PA
WAKE,49,Lance Virgile,LB,"6'2""",220,Fr,Fort Lauderdale FL
GT,10,Synjyn Days,RB,"6'2""",221,Sr,Powder Springs GA
VT,40,Deon Clarke,LB,"6'2""",221,So,Richmond VA
LOU,38,Royce Donovan,LB,"6'2""",222,So,Louisville KY
NCSU,42,M.J. Salahuddin,LB,"6'2""",223,Jr,Fayetteville NC
BC,33,Tim Joy,LB,"6'2""",224,Jr,Chelmsford MA
PITT,87,Reggie Green,LB,"6'2""",225,Fr,Cranford NJ
UNC,60,Kyle Murphy,LS,"6'2""",225,Fr,Charlotte NC
UVA,84,Canaan Severin,WR,"6'2""",225,Jr,Marlborough MA
WAKE,64,Chase Wilson,LS,"6'2""",225,Fr,Mooresville NC
NCSU,47,Tyler Purvis,FB,"6'2""",226,Sr,Reinholds NC
MIAMI,38,Joseph Rogers,WR,"6'2""",228,Jr,Miami FL
BC,30,Mike Strizak,LB,"6'2""",230,So,Fair Lawn NJ
CLEM,53,Martin Aiken,DE,"6'2""",230,So,Smoaks SC
DUKE,59,Kelby Brown,LB,"6'2""",230,Sr,Matthews NC
GT,51,Anthony Harrell,LB,"6'2""",230,Jr,Tampa FL
GT,46,Tremayne McNair,LB,"6'2""",230,Sr,Jacksonville NC
PITT,4,Bam Bradley,LB,"6'2""",230,So,Dayton OH
PITT,8,Todd Thomas,LB,"6'2""",230,Sr,Beaver Falls PA
UNC,9,Travis Hughes,LB,"6'2""",230,Sr,Virginia Beach VA
UNC,47,Dan Mastromatteo,LB,"6'2""",230,So,Absecon NJ
UVA,59,Mark Hall,LB,"6'2""",230,So,Virginia Beach VA
WAKE,37,Kevis Jones,LB,"6'2""",230,So,Oakland Park FL
LOU,54,Lyn Clark,LB,"6'2""",232,Fr,New Orleans LA
LOU,96,Henry Famurewa,LB,"6'2""",232,Fr,Powder Springs GA
FSU,52,Ukeme Eligwe,LB,"6'2""",233,Fr,Stone Mountain GA
CUSE,47,Sam Rodgers,LS,"6'2""",234,Sr,State College PA
CLEM,3,Vic Beasley,DE,"6'2""",235,Sr,Adairsville GA
DUKE,44,Nick Hill,LB,"6'2""",235,Jr,Nashville TN
MIAMI,7,Gus Edwards,RB,"6'2""",235,So,Staten Island NY
NCSU,33,Ty Linton,LB,"6'2""",235,Fr,Weddington NC
UNC,93,Robert Dinkins,DL,"6'2""",235,Fr,Charlotte NC
UNC,91,Jonathan Sugg,DL,"6'2""",235,Fr,Stokesdale NC
WAKE,61,Ryan Bauder,LS,"6'2""",235,Jr,Fort Lauderdale FL
BC,36,Bobby Wolford,FB,"6'2""",240,So,Jacksonville FL
DUKE,51,Dominic McDonald,LB,"6'2""",240,Fr,Longwood FL
FSU,67,Cody Jay,OL,"6'2""",240,Sr,Ft. Walton Beach FL
LOU,42,Isaac Stewart,LB,"6'2""",240,Fr,Charlotte NC
MIAMI,39,Ronald Regula,FB,"6'2""",240,Sr,Miami FL
MIAMI,51,Juwon Young,LB,"6'2""",240,Fr,Albany GA
NCSU,19,Maurice Morgan,WR,"6'2""",240,Jr,LaGrange GA
PITT,51,Jacob Craig,LB,"6'2""",240,So,Berlin PA
PITT,44,David Durham,DL,"6'2""",240,Sr,Charlotte NC
UNC,61,Conor Fry,LS,"6'2""",240,So,Raleigh NC
UNC,33,Nathan Staub,LB,"6'2""",240,So,Buford GA
UVA,44,Henry Coley,LB,"6'2""",240,Sr,Virginia Beach VA
WAKE,35,Zachary Allen,LB,"6'2""",240,Sr,Pahokee FL
CUSE,5,Luke Arciniega,LB,"6'2""",241,Sr,Sparks NV
NCSU,48,Bryan Smith,LB,"6'2""",241,Fr,Oxford NC
MIAMI,33,Trent Harris,DE,"6'2""",242,Fr,Winter Park FL
VT,87,Dewayne Alford,DE,"6'2""",243,So,Suffolk VA
CLEM,42,Stephone Anthony,LB,"6'2""",245,Sr,Polkton NC
DUKE,64,Jake Brodner,G,"6'2""",245,So,Glen Ellyn IL
GT,66,Mitchell Williams,DL,"6'2""",245,Fr,Alpharetta GA
PITT,47,Matt Galambos,LB,"6'2""",245,So,Collingdale PA
PITT,43,Devon Porchia,LB,"6'2""",245,So,Parkville MD
UNC,42,Shakeel Rashad,LB,"6'2""",245,Jr,Jacksonville FL
WAKE,95,Shelldon Lewinson,NT,"6'2""",245,So,Seffner AL
BC,82,Jarrett Darmstatter,TE,"6'2""",250,Sr,Barnegat NJ
CUSE,51,Donnie Simmons,DE,"6'2""",250,Jr,Hartsdale NY
FSU,93,Brad Bentz,DL,"6'2""",250,Jr,Wellington FL
PITT,24,James Conner,RB,"6'2""",250,So,Erie PA
UVA,34,Kwontie Moore,DE,"6'2""",250,Jr,Norfolk VA
NCSU,79,Tyler Smith,DT,"6'2""",251,Jr,Raleigh NC
BC,78,Harold Landry,DL,"6'2""",255,Fr,Fayetteville NC
CLEM,1,Ebenezer Ogundeko,DE,"6'2""",255,Fr,Brooklyn NY
CLEM,,Jabril Robinson,DT,"6'2""",255,Fr,Leland NC
CUSE,89,Josh Parris,TE,"6'2""",255,So,Stone Mountain GA
DUKE,51,William Perrott,G,"6'2""",255,Sr,Phoenix AZ
CUSE,53,Lucas Albrecht,DT,"6'2""",258,Sr,Hudson Falls NY
GT,61,Adrian Gardner,DE,"6'2""",260,Jr,Dawson GA
NCSU,35,Kentavius Street,DE,"6'2""",264,Fr,Greenville NC
LOU,39,Griffin Uhl,FB,"6'2""",267,So,Henryville IN
LOU,93,Tae Thibodeaux,DL,"6'2""",270,Fr,New Iberia LA
PITT,31,Jaymar Parrish,FB,"6'2""",270,So,Monroeville PA
UVA,96,Cameron Fitch,DE,"6'2""",270,Sr,Chesapeake VA
BC,48,Nick Lifka,DL,"6'2""",272,Jr,Naperville IL
FSU,77,Larry Levy,DT,"6'2""",275,Jr,Boynton Beach FL
LOU,44,Pio Vatuvei,DE,"6'2""",275,Jr,Patterson CA
PITT,91,Darryl Render,DL,"6'2""",275,Jr,Cleveland OH
UVA,52,Jon Goss,G,"6'2""",275,Sr,Montclair VA
NCSU,59,John Tu'uta,C,"6'2""",279,So,Fredricksburg VA
PITT,98,LaQuentin Smith,DL,"6'2""",280,Sr,Orlando FL
VT,75,Alston Smith,OL,"6'2""",281,So,Virginia Beach VA
NCSU,52,Cole Blankenship,C,"6'2""",286,Fr,Mocksville NC
LOU,98,Sheldon Rankins,DE,"6'2""",287,Jr,Covington GA
NCSU,96,Kenton Gibbs,DT,"6'2""",289,Fr,Detroit MI
VT,95,Nigel Williams,DT,"6'2""",289,So,Richmond VA
CLEM,56,Scott Pagano,DT,"6'2""",290,Fr,Honolulu HI
DUKE,98,Carlos Wray,DT,"6'2""",290,Jr,Shelby NC
UNC,62,Mark Uptegraff,OL,"6'2""",290,Fr,Charlotte NC
DUKE,99,Mike Ramsay,DT,"6'2""",295,Fr,Smyrna GA
NCSU,97,Deshaywn Middleton,DT,"6'2""",295,Fr,Winston-Salem NC
PITT,94,Jeremiah Taleni,DL,"6'2""",295,Fr,Kaneohe HI
GT,74,Tim Seager,OL,"6'2""",298,Jr,Blacksburg VA
VT,76,David Wang,OL,"6'2""",298,Sr,Ashburn VA
DUKE,97,Quaven Ferguson,DT,"6'2""",305,Fr,Easley SC
UVA,93,Donte Wilkins,DT,"6'2""",305,So,Woodbridge VA
CUSE,56,John Miller,C,"6'2""",308,Jr,Carson CA
FSU,95,Keith Bryant,DT,"6'2""",308,Fr,Delray Beach FL
CUSE,57,Omari Palmer,G,"6'2""",309,So,Coram NY
FSU,61,Myles Davis,OL,"6'2""",310,Fr,Gainesville FL
UNC,58,Greg Webb,DT,"6'2""",310,Fr,Erial NJ
NCSU,94,Monty Nelson,DT,"6'2""",313,So,Plantation FL
CUSE,71,Alex Hayes,G,"6'2""",315,Fr,Ellenwood GA
PITT,57,Artie Rowell,OL,"6'2""",315,Jr,Harrisburg PA
NCSU,50,Tony Adams,C,"6'2""",317,Fr,Charlotte NC
LOU,70,John Miller,OL,"6'2""",321,Sr,Miami FL
FSU,92,Justin Shanks,DT,"6'2""",322,Fr,Prattville AL
CLEM,48,D.J. Reader,DT,"6'2""",325,Jr,Greensboro NC
CUSE,99,Ryan Sloan,DT,"6'2""",326,Jr,East Patchogue NY
CLEM,55,Tyrone Crowder Jr.,G,"6'2""",345,Fr,Rockingham NC
MIAMI,17,Isaac Hoza,QB,"6'3""",175,Fr,Ft. Lauderdale FL
PITT,27,Trenton Coles,DB,"6'3""",175,So,Clairton PA
LOU,88,Javonte Bagley,WR,"6'3""",180,Fr,Vero Beach FL
WAKE,12,Tyree Harris,WR,"6'3""",180,So,Marietta GA
NCSU,47,William Stephenson,P,"6'3""",184,So,Raleigh NC
CLEM,,Trevion Thompson,WR,"6'3""",185,Fr,Durham NC
LOU,84,Gio Pascasio,WR,"6'3""",185,So,Glendale AZ
NCSU,99,Ryan Stevens,K,"6'3""",185,So,Raleigh NC
CLEM,,Jefferie Gibson,S,"6'3""",190,Fr,Hope Mills NC
CLEM,4,Deshaun Watson,QB,"6'3""",190,Fr,Gainesville GA
FSU,24,Matthew McNulty,WR,"6'3""",190,Jr,Jacksonville FL
GT,87,Harrison Butker,K,"6'3""",190,So,Decatur GA
GT,47,Jalen Johnson,S,"6'3""",190,Fr,Oneonta AL
GT,93,Antonio Simmons,LB,"6'3""",190,Fr,Jacksonville FL
NCSU,19,Evan Brabrand,QB,"6'3""",190,Fr,Raleigh NC
UNC,90,Corbin Daly,P,"6'3""",190,Fr,Charlotte NC
WAKE,88,Jared Crump,WR,"6'3""",190,So,St. John's FL
FSU,37,Keelin Smith,DB,"6'3""",191,So,Fort Pierce FL
BC,27,Justin Simmons,DB,"6'3""",192,Jr,Stuart FL
GT,86,Antonio Messick,WR,"6'3""",193,Fr,Fayetteville GA
NCSU,31,NaQuan Brown,WR,"6'3""",193,Sr,Charlotte NC
CLEM,15,T.J. Green,S,"6'3""",195,So,Sylacauga AL
CLEM,12,Nick Schuessler,QB,"6'3""",195,So,Grayson GA
CUSE,3,Mitch Kimble,QB,"6'3""",195,Fr,Jerseyville IL
MIAMI,84,Greg Golden,WR,"6'3""",195,Fr,Red Bank NJ
NCSU,31,Germaine Pratt,S,"6'3""",195,Fr,High Point NC
PITT,2,Adonis Jennings,WR,"6'3""",195,Fr,Sicklerville NJ
UNC,13,Mack Hollins,WR,"6'3""",195,So,Rockville MD
UVA,50,Tyler Shirley,LS,"6'3""",195,Fr,Midlothian VA
VT,,Andrew Ford,QB,"6'3""",195,Fr,Camp Hill PA
VT,16,Carlis Parker,WR,"6'3""",195,So,Stateville NC
LOU,14,Kyle Bolin,QB,"6'3""",196,Fr,Lexington KY
MIAMI,27,Ricky Carroll,P,"6'3""",198,Sr,Mission Viejo CA
NCSU,3,Jumichael Ramos,WR,"6'3""",198,So,Lovejoy GA
NCSU,32,Niklas Sade,K,"6'3""",199,Sr,Wake Forest NC
CLEM,88,Sean MacLain,TE,"6'3""",200,Fr,Hope Mills SC
CUSE,22,Adrian Flemming,WR,"6'3""",200,Sr,Ashburn VA
FSU,30,Colin Blake,DB,"6'3""",200,Fr,San Antonio TX
PITT,40,James Folston,LB,"6'3""",200,Fr,Cocoa FL
UVA,38,Nicholas Conte,P,"6'3""",200,So,Roanoke VA
UVA,85,Keeon Johnson,WR,"6'3""",200,So,Kannapolis NC
WAKE,8,Marquel Lee,LB,"6'3""",200,So,Waldorf MD
CUSE,2,Quinta Funderburk,WR,"6'3""",201,Sr,Norfold VA
MIAMI,82,Tyre Brady,WR,"6'3""",203,Fr,Homestead FL
NCSU,15,Johnathan Alston,WR,"6'3""",203,So,Bunn NC
NCSU,84,Marquez Valdes-Scantling,WR,"6'3""",203,So,St. Petersburg FL
VT,37,Ronny Vandyke,LB,"6'3""",204,Jr,Lorton VA
CLEM,7,Mike Williams,WR,"6'3""",205,So,Holly Hill SC
GT,81,Ricky Jeune,WR,"6'3""",205,Fr,Spring Valley NY
LOU,7,Reggie Bonnafon,QB,"6'3""",205,Fr,Louisville KY
MIAMI,50,Terry McCray,LB,"6'3""",205,Fr,Pompano Beach FL
NCSU,34,Dexter Wright,S,"6'3""",205,Fr,Wilson NC
PITT,85,Jester Weah,WR,"6'3""",205,Fr,Madison WI
UNC,88,Jordan Fieulleteau,WR,"6'3""",205,Fr,Raleigh NC
UNC,23,Joey Mangili,P,"6'3""",205,So,Durham NC
UNC,10,Mitch Trubisky,QB,"6'3""",205,Fr,Mentor OH
UVA,87,Kyle Dockins,WR,"6'3""",205,So,Virginia Beach VA
WAKE,17,Pat Long,QB,"6'3""",205,Jr,Skillman NJ
CUSE,3,Durell Eskridge,S,"6'3""",207,Jr,Miami FL
LOU,9,DeVante Parker,WR,"6'3""",209,Sr,Louisville KY
GT,26,Travin Henry,DE,"6'3""",210,So,Adel GA
MIAMI,19,Kevin Olsen,QB,"6'3""",210,Fr,Wayne NJ
UVA,51,Zach Bradshaw,LB,"6'3""",210,So,Damascus MD
UVA,60,Jeb Byrne,LS,"6'3""",210,So,McLean VA
WAKE,14,Wendell Dunn,LB,"6'3""",210,Fr,Miami FL
CUSE,5,Austin Wilson,QB,"6'3""",211,Fr,Camp Hill PA
LOU,19,Ja'Quay Williams,WR,"6'3""",214,So,Tyrone GA
VT,53,Drew Burns,LB,"6'3""",214,So,Chesapeake VA
DUKE,19,Quay Chambers,WR,"6'3""",215,Fr,Monroe NC
GT,63,Rusty Scott,LB,"6'3""",215,Jr,Lincolnton GA
MIAMI,55,Frank Gabriel,LS,"6'3""",215,Jr,Monmouth Beach NJ
WAKE,26,Thomas Brown,S,"6'3""",215,So,Evans GA
WAKE,9,Michael Radford,QB,"6'3""",215,Fr,Charlotte NC
WAKE,85,Cam Serigne,TE,"6'3""",215,Fr,Ashburn VA
LOU,80,Charles Standberry,TE,"6'3""",216,Fr,Montgomery AL
MIAMI,58,Darrion Owens,LB,"6'3""",217,Fr,Orange Park FL
CUSE,46,PJ Batten,LB,"6'3""",218,Fr,Miami FL
MIAMI,18,Michael Welch,QB,"6'3""",218,Fr,Winnetka IL
VT,90,Dadi Nicolas,DE,"6'3""",218,Jr,Delray Beach FL
CUSE,10,Terrel Hunt,QB,"6'3""",219,Jr,Rosedale NY
LOU,40,Joshua Appleby,P,"6'3""",219,Jr,Athens AL
CLEM,10,David Olson,QB,"6'3""",220,Sr,Lexington SC
FSU,10,Sean Maguire,QB,"6'3""",220,Fr,Sparta NJ
GT,15,DeAndre Smelter,WR,"6'3""",220,Sr,Macon GA
NCSU,14,Bryant Shirreffs,RB,"6'3""",220,So,Jefferson GA
NCSU,36,Max Stoffer,LB,"6'3""",220,Fr,Nashville TN
UNC,6,Caleb Henderson,QB,"6'3""",220,Fr,Burke VA
UVA,17,Miles Gooch,WR,"6'3""",220,Sr,Decatur GA
UVA,41,Connor Wingo-Reeves,FB,"6'3""",220,So,Midlothian VA
WAKE,4,Tyler Cameron,QB,"6'3""",220,So,Jupiter FL
VT,,Jeremy Haynes,DT,"6'3""",222,So,South County VA
GT,55,Sean Tobin,LS,"6'3""",223,Jr,Holmdel NJ
FSU,38,Cason Beatty,P,"6'3""",224,Jr,Charlotte NC
FSU,6,Matthew Thomas,LB,"6'3""",224,Fr,Miami FL
MIAMI,13,Gray Crow,QB,"6'3""",224,So,Clearwater FL
BC,54,Marquis Little,LB,"6'3""",225,So,Manchester CT
DUKE,34,Jonathan Jones,DE,"6'3""",225,Sr,Waldorf MD
DUKE,90,Taariq Shabazz,DE,"6'3""",225,Fr,Kennesaw GA
GT,43,Kyle Travis,LB,"6'3""",225,Jr,Cumming GA
LOU,21,James Hearns,LB,"6'3""",225,Fr,Tallahassee FL
NCSU,55,Luke Collins,DE,"6'3""",225,Fr,Millbrook NC
UNC,2,Bryn Renner,QB,"6'3""",225,Sr,West Springfield VA
UVA,42,Demeitre Brim,LB,"6'3""",225,Jr,Dundee FL
WAKE,28,Teddy Matthews,LB,"6'3""",225,So,West Palm Beach FL
FSU,47,Stephen Gabbard,LS,"6'3""",226,Fr,Tallahassee FL
NCSU,62,RC Brunstetter,LS,"6'3""",229,Fr,Mocksville NC
NCSU,44,Devin O'Connor,TE,"6'3""",230,So,Cartersville GA
PITT,28,Anthony Gonzalez,LB,"6'3""",230,Sr,Bethlehem PA
WAKE,8,Kevin Sousa,QB,"6'3""",230,Jr,Orlando FL
WAKE,49,Spencer Stone,TE,"6'3""",230,Fr,Richmond KY
MIAMI,34,Thurston Armbrister,LB,"6'3""",233,Sr,Hollywood FL
CLEM,89,Jay Jay McCullough,TE,"6'3""",235,So,Fort Mill SC
CLEM,,Milan Richard,TE,"6'3""",235,Fr,Savannah GA
DUKE,57,Thomas Hennessy,LS,"6'3""",235,So,Bardonia NY
FSU,18,Ro'Derrick Hoskins,LB,"6'3""",235,Fr,Orlando FL
FSU,10,E.J. Levenberry,LB,"6'3""",237,So,Woodbridge VA
PITT,36,Michael Dunn,LB,"6'3""",240,Fr,Pittsburgh PA
UNC,80,Jack Tabb,TE,"6'3""",240,Sr,Red Bank NJ
LOU,18,Gerald Christian,TE,"6'3""",242,Sr,Palm Beach Gardens FL
MIAMI,36,Alex Figueroa,LB,"6'3""",242,So,Stafford VA
NCSU,91,Drew Davis,DE,"6'3""",242,So,Raliegh NC
FSU,35,Nick O'Leary,TE,"6'3""",244,Sr,Palm Beach Gardens FL
CLEM,75,Daniel Stone,DE,"6'3""",245,So,Simpsonville SC
MIAMI,45,Isai Cetoute,TE,"6'3""",245,Jr,Miami FL
MIAMI,97,Dwayne Hoilett,DL,"6'3""",245,So,Vero Beach FL
MIAMI,17,Tyriq McCord,LB,"6'3""",245,Jr,Tampa FL
UNC,45,Mikey Bart,DE,"6'3""",245,So,Buford GA
UNC,23,Darius Lipford,LB,"6'3""",245,Sr,Lenoir NC
VT,4,Ken Ekanem,DE,"6'3""",245,So,Centreville VA
WAKE,81,Daniel Vogelsang,TE,"6'3""",245,Sr,Lexington KY
GT,32,Jabari Hunt-Days,LB,"6'3""",247,Jr,Marietta GA
BC,81,Louie Addazio,TE,"6'3""",248,Jr,Gainesville FL
GT,48,Nick Menocal,DE,"6'3""",248,Sr,Miami FL
FSU,58,Ryan Arnold,OL,"6'3""",250,Jr,Orlando FL
UVA,43,Trent Corney,DE,"6'3""",250,Jr,Brockville ON
BC,93,Kevin Kavalec,DE,"6'3""",251,So,Middleburg Heights OH
GT,99,Tyler Stargel,DE,"6'3""",251,So,Orange Beach AL
LOU,59,Aaron Ahner,DT,"6'3""",252,Jr,Okinawa
BC,46,Joel Rich,TE,"6'3""",255,Fr,Paris OH
CUSE,85,Beckett Wales,TE,"6'3""",255,Sr,Venice FL
UVA,50,Marco Jones,DE,"6'3""",255,Jr,Baltimore MD
CUSE,94,Robert Welsh,DE,"6'3""",256,Sr,Bay Shore NY
VT,49,Dakota Jackson,TE,"6'3""",256,So,Roanoke VA
DUKE,46,Keilin Rayner,DT,"6'3""",260,So,Leland NC
LOU,52,Nick Dawson-Brents,DE,"6'3""",261,So,Charlotte NC
GT,41,Roderick Rook-Chungong,DE,"6'3""",263,So,Silver Spring MD
NCSU,90,Mike Rose,DE,"6'3""",265,Jr,Simpsonville SC
UVA,79,Jack Babcock,DT,"6'3""",265,Fr,Glen Allen VA
WAKE,56,Andrew Hauser,NT,"6'3""",265,Fr,Covina CA
LOU,64,Gabe Ahner,DT,"6'3""",267,So,Okinawa
CLEM,90,Shaq Lawson,DE,"6'3""",270,So,Central SC
CLEM,85,Dane Rogers,DE,"6'3""",270,Fr,Shelby NC
GT,69,Michael Preddy,OL,"6'3""",270,Fr,Charleston SC
GT,60,Kyle Stallard,OL,"6'3""",270,So,Alpharetta GA
PITT,52,Shakir Soto,DL,"6'3""",270,So,Wilkes-Barre PA
UNC,64,Thomas Bernhardt,OL,"6'3""",270,Fr,Raleigh NC
UNC,65,Lucas Crowley,C,"6'3""",270,Fr,Ponte Vedra FL
UNC,38,Carson Wooten,FB,"6'3""",270,So,Raleigh NC
LOU,62,T.C. Klusman,OL,"6'3""",272,So,Cincinnati OH
FSU,44,DeMarcus Walker,DE,"6'3""",273,So,Jacksonville FL
LOU,71,Chris Acosta,OL,"6'3""",275,Sr,Miami FL
NCSU,93,Justin Jones,DT,"6'3""",275,Fr,Austell GA
WAKE,99,James Looney,DE,"6'3""",275,So,Lake Worth FL
NCSU,53,Tyler Jones,OL,"6'3""",277,Fr,Stone Mountain GA
GT,98,Jimmie Kitchen,DE,"6'3""",279,Jr,Lithonia GA
BC,97,Truman Gutapfel,DT,"6'3""",280,So,Harrison OH
CLEM,58,Ryan Norton,C,"6'3""",280,Jr,Simpsonville SC
CUSE,78,Jason Emerich,C,"6'3""",280,So,New Ringgold PA
DUKE,63,Zach Harmon,OL,"6'3""",280,Fr,Toledo OH
GT,79,Chase Roberts,OL,"6'3""",280,So,Duluth GA
PITT,56,Justin Moody,DL,"6'3""",280,Fr,Philadelphia PA
UNC,74,Devonte Brown,DT,"6'3""",280,Jr,Fayetteville NC
GT,57,Niko Anderson,OL,"6'3""",281,Fr,Macon GA
VT,,Kyle Chung,OL,"6'3""",281,So,Ponte Verda Beach FL
CUSE,55,Rob Trudo,G,"6'3""",284,Jr,Farrell PA
FSU,59,Ryan Hoefeld,OL,"6'3""",285,Fr,Kenner LA
GT,73,Gary Brown,OL,"6'3""",285,Fr,Tampa FL
LOU,56,Chandler Bridges,OL,"6'3""",285,Fr,Flowery Branch GA
LOU,90,Johnny Richardson,DE,"6'3""",285,Fr,Jacksonville FL
MIAMI,68,Nick Linder,OL,"6'3""",285,Fr,Ft. Lauderdale FL
UNC,,Josh Allen,OL,"6'3""",285,Fr,Jacksonville FL
BC,50,Frank Taylor,OL,"6'3""",286,So,Warrington PA
BC,77,Jon Baker,OL,"6'3""",287,Fr,Millis MA
CLEM,55,Roderick Byers,DT,"6'3""",290,Jr,Rock Hill SC
GT,58,Freddie Burden,OL,"6'3""",290,So,Statesboro GA
UVA,95,Tyrell Chavis,DT,"6'3""",290,Fr,Richmond VA
LOU,61,Tobijah Hughley,OL,"6'3""",291,So,Lexington KY
FSU,62,Austin Barron,OL,"6'3""",292,Sr,Fort Lauderdale FL
FSU,15,Mario Edwards Jr.,DE,"6'3""",294,So,Denton TX
CLEM,94,Carlos Watkins,DT,"6'3""",295,So,Mooresboro NC
DUKE,65,Cody Robinson,G,"6'3""",295,Jr,McMinnville TN
PITT,76,Connor Dintino,DL,"6'3""",295,Fr,Mashpee MA
UNC,96,Ethan Farmer,DT,"6'3""",295,Jr,Tabor City NC
BC,90,Connor Wujciak,DL,"6'3""",296,Jr,West Caldwell NJ
LOU,95,Kyle Shortridge,DT,"6'3""",297,Fr,Loxahatchee FL
BC,59,Andy Gallik,C,"6'3""",299,Sr,Evergreen Park IL
CLEM,51,Harrison Tucker,OL,"6'3""",300,Jr,Ninety Six SC
CLEM,77,Reid Webster,OL,"6'3""",300,Sr,Woodstock GA
GT,76,Nick Brigham,OL,"6'3""",300,So,Atlanta GA
LOU,73,Pedro Sibiea,DT,"6'3""",301,So,Homestead FL
BC,64,Harris Williams,OL,"6'3""",303,Sr,Lynn MA
VT,79,Caleb Farris,OL,"6'3""",303,Sr,Lexington VA
CLEM,,Taylor Hearn,OL,"6'3""",305,Fr,Williston SC
GT,94,Darius Commissiong,DL,"6'3""",305,Fr,Forestville MD
GT,75,Errin Joe,OL,"6'3""",307,Jr,Lakeland FL
GT,77,Thomas O'Reilly,OL,"6'3""",308,Jr,Marietta GA
MIAMI,93,Calvin Heurtelou,DL,"6'3""",310,Jr,Spring Valley NY
NCSU,56,Bryce Kennedy,G,"6'3""",310,So,Southern Pines NC
UVA,60,John Pond,C,"6'3""",310,Jr,Chester VA
VT,62,Ross Ward,OL,"6'3""",313,Jr,Virginia Beach VA
CLEM,57,Jay Guillermo,C,"6'3""",315,So,Maryville TN
GT,,Zack Harness,OL,"6'3""",315,Fr,Senoia GA
CUSE,67,Michael Lasker,T,"6'3""",320,Jr,Corona CA
DUKE,77,Laken Tomlinson,G,"6'3""",330,Sr,Chicago IL
PITT,54,Tyrique Jarrett,DL,"6'3""",335,So,Pittsburgh PA
WAKE,83,Jonathan Williams,WR,"6'4""",180,So,Atlanta GA
UNC,14,Quinshad Davis,WR,"6'4""",185,Jr,Gaffney SC
VT,,Corey Gravely,WR,"6'4""",189,Fr,Max Meadows VA
CLEM,82,Andrew Maass,WR,"6'4""",190,Sr,Ridgeway SC
LOU,3,Pat Thomas,QB,"6'4""",190,So,Atlanta GA
FSU,84,Isaiah Jones,WR,"6'4""",193,So,Milton FL
DUKE,81,Jack Wise,WR,"6'4""",195,Sr,Rumson NJ
UNC,84,Bug Howard,WR,"6'4""",195,So,Rochelle GA
UNC,89,Dalton Stogner,WR,"6'4""",195,So,Dallas TX
MIAMI,15,D'Mauri Jones,WR,"6'4""",196,So,Leesburg FL
CLEM,20,Jayron Kearse,S,"6'4""",205,So,Fort Meyers FL
FSU,48,Dorsey Moore,TE,"6'4""",205,Fr,Rockledge FL
UNC,11,Kanler Coker,QB,"6'4""",205,Fr,Flowery Branch GA
FSU,33,Jonathan Hernandez,P,"6'4""",208,So,Bradenton FL
CLEM,18,Cole Stoudt,QB,"6'4""",210,Sr,Dublin OH
DUKE,81,Davis Koppenhaver,TE,"6'4""",210,Fr,Valencia CA
DUKE,41,Will Monday,P,"6'4""",210,Jr,Flowery Branch GA
UVA,31,Blake Blaze,LS,"6'4""",210,Sr,Barnstable MA
WAKE,38,Alexander Kinal,P,"6'4""",210,Jr,Adelaide
WAKE,42,Julian Thomas-Jackson,LB,"6'4""",210,Fr,Dothan AL
LOU,19,Jerry Arlinghaus,QB,"6'4""",213,Jr,Louisville KY
DUKE,1,Thomas Sirk,QB,"6'4""",215,So,Glen St. Mary's FL
LOU,56,Spencer Foy,DL,"6'4""",215,Fr,Louisville KY
MIAMI,86,David Njoku,WR,"6'4""",215,Fr,Cedar Grove NJ
UNC,82,Brandon Fritts,TE,"6'4""",215,Fr,Mentor OH
UNC,17,Mark McNeill,WR,"6'4""",215,Jr,West River MD
BC,32,Charlie Callinan,WR,"6'4""",216,Fr,Westfield NJ
MIAMI,15,Brad Kaaya,QB,"6'4""",218,Fr,West Hills CA
MIAMI,16,Justin Vogel,P,"6'4""",218,So,Tampa FL
VT,9,Brenden Motley,QB,"6'4""",219,So,Blacksburg VA
PITT,81,Tony Harper,TE,"6'4""",220,Fr,Toledo OH
UNC,44,Junior Gnonkonde,DE,"6'4""",220,Fr,Lakeland GA
WAKE,53,Duke Ejiofor,LB,"6'4""",220,Fr,Houston TX
WAKE,84,Brendan O'Neil,TE,"6'4""",220,Fr,Burlington MA
CUSE,1,Ashton Broyld,WR,"6'4""",221,Jr,Rochester NY
NCSU,11,Garrett Leatham,QB,"6'4""",221,Jr,Apex NC
NCSU,5,Rodman Noel,LB,"6'4""",221,Sr,Everett MA
BC,49,Cameron Croteau,TE,"6'4""",224,Fr,Novato CA
CLEM,,Richard Yeargin,DE,"6'4""",225,Fr,Lauderdale Lakes FL
GT,56,Trevor Stroebel,LS,"6'4""",225,So,Saukville WI
LOU,5,Tyler Ferguson,QB,"6'4""",225,Jr,Bakersfield CA
MIAMI,23,Christopher Herndon IV,TE,"6'4""",225,Fr,Norcross GA
UNC,51,Alex Bales,LB,"6'4""",225,Fr,Kansas City MO
UNC,91,Garrett Hudson,TE,"6'4""",225,Fr,Wake Forest NC
UVA,82,Mario Nixon,TE,"6'4""",225,So,Norfolk VA
BC,8,Josh Bordner,WR,"6'4""",226,Sr,Sykesville MD
GT,83,Matt Serpico,WR,"6'4""",226,Jr,Fayetteville GA
FSU,24,Terrance Smith,LB,"6'4""",228,So,Decatur GA
CLEM,81,Stanton Seckinger,TE,"6'4""",230,Jr,Isle of Palms SC
GT,42,KeShun Freeman,DE,"6'4""",230,Fr,Hogansville GA
GT,59,Kevin Robbins,DL,"6'4""",230,Fr,Forestville MD
PITT,37,Rori Blair,DL,"6'4""",230,Fr,Pittsburgh PA
UNC,94,Dajaun Drennon,DE,"6'4""",230,Fr,Clementon NJ
UVA,54,Alex Foertsch,LS,"6'4""",230,Fr,Baltimore MD
UVA,7,Eli Harold,DE,"6'4""",230,Jr,Virginia Beach VA
LOU,12,Brett Nelson,QB,"6'4""",231,Sr,Chula Vista CA
GT,35,Tyler Marcordes,LB,"6'4""",232,Jr,Normal IL
CLEM,51,Jim Brown,LS,"6'4""",235,Jr,Walterboro SC
DUKE,58,Michael Mann,DE,"6'4""",235,So,Castle Rock CO
DUKE,86,Connor Peters,TE,"6'4""",235,Sr,Hamilton OH
FSU,5,Jameis Winston,QB,"6'4""",235,Fr,Hueytown AL
LOU,91,Trevon Young,DE,"6'4""",235,So,Council Bluffs IA
CUSE,90,Cameron MacPherson,TE,"6'4""",236,Jr,Syracuse NY
NCSU,12,Jacoby Brissett,QB,"6'4""",236,Jr,West Palm Beach FL
BC,57,Jack Cottrell,DL,"6'4""",239,Fr,Eden Prairie MN
FSU,72,Barrett Kernon,LS,"6'4""",239,Jr,Ormond Beach FL
CLEM,45,Chris Register,LB,"6'4""",240,Fr,Browns Summit NC
CLEM,54,Zach Riggs,C,"6'4""",240,Fr,Greer SC
DUKE,94,Jordan DeWalt-Ondijo,DE,"6'4""",240,Sr,Prairie View TX
DUKE,55,Lucas Fisher,LB,"6'4""",240,Jr,Monroe NC
DUKE,47,David Helton,LB,"6'4""",240,Sr,Chattanooga TN
GT,90,Justin Akins,DL,"6'4""",240,Fr,Jenkinsburg GA
GT,39,Chaz Cheeks,LB,"6'4""",240,Jr,Gainesville GA
NCSU,49,Bradley Chubb,DE,"6'4""",240,Fr,Powder Springs GA
PITT,96,Devin Cook,DL,"6'4""",240,Jr,Beaver Falls PA
PITT,48,Zach Poker,LB,"6'4""",240,Fr,Oconomowoc WI
WAKE,62,Reid Althoff,G,"6'4""",240,Fr,Sarasota FL
VT,,Ryan Malleck,TE,"6'4""",241,Jr,Point Pleasant NJ
MIAMI,98,Al-Quadin Muhammad,DE,"6'4""",242,So,Irvington NJ
FSU,21,Chris Casher,DE,"6'4""",243,Fr,Moblie AL
FSU,,Kain Daub,LB,"6'4""",243,Fr,Jacksonville FL
LOU,94,Lorenzo Mauldin,DE,"6'4""",243,Sr,Atlanta GA
VT,93,Kalvin Cline,TE,"6'4""",243,So,Boca Raton FL
BC,34,Sean Duggan,LB,"6'4""",244,Sr,Cincinnati OH
DUKE,56,Kyler Brown,DE,"6'4""",245,Jr,Matthews NC
PITT,86,J.P. Holtz,TE,"6'4""",245,Jr,Pittsburgh PA
PITT,93,Shane Roy,DL,"6'4""",245,Fr,Reading OH
UVA,86,Jeremy Dollin,TE,"6'4""",245,Sr,Cincinnati OH
FSU,33,Kevin Haplea,TE,"6'4""",247,Sr,Annandale NJ
LOU,83,Micky Crum,TE,"6'4""",250,Fr,Columbus OH
NCSU,38,Garrett Bradbury,TE,"6'4""",250,Fr,Charlotte NC
NCSU,43,Evan Pritt,TE,"6'4""",250,Fr,Wilmington NC
PITT,90,Hez Trahan,DL,"6'4""",250,Fr,Philadelphia PA
UVA,47,Vincent Croce,FB,"6'4""",250,Jr,Olney MD
WAKE,40,Josh Banks,DE,"6'4""",250,So,Cary NC
UNC,95,Tyler Powell,DL,"6'4""",255,Fr,Midlothian VA
DUKE,42,Dezmond Johnson,DE,"6'4""",260,Sr,Nashville TN
GT,65,Trey Klock,OL,"6'4""",260,Fr,Hummelstown PA
MIAMI,94,Anthony Naser,DE,"6'4""",260,Jr,San Diego CA
NCSU,68,Colton Stortz,DT,"6'4""",260,Fr,Denver NC
PITT,45,Devon Edwards,TE,"6'4""",260,Fr,Columbus OH
UNC,90,Jessie Rogers,DE,"6'4""",260,Jr,Arlington TX
UVA,56,Andre Miles-Redmond,DT,"6'4""",260,So,Richmond VA
WAKE,91,Johnny Garcia,NT,"6'4""",260,Sr,Cape Coral FL
MIAMI,5,Standish Dobard,TE,"6'4""",261,So,Belle Chasse LA
LOU,57,Cameron Fraser,OL,"6'4""",262,Fr,Phenix City AL
GT,68,Michael Muns,OL,"6'4""",263,So,Swainsboro GA
MIAMI,46,Clive Walford,TE,"6'4""",263,Sr,Belle Glade FL
CUSE,93,Micah Robinson,DE,"6'4""",265,Sr,Cleveland OH
GT,50,Andrew Marshall,OL,"6'4""",265,Fr,Cumming GA
UNC,98,Justin Thomason,DT,"6'4""",265,Jr,McDonough GA
CUSE,13,Ron Thompson,DE,"6'4""",268,So,Southfield MI
CUSE,91,Isaiah Johnson,DE,"6'4""",270,So,New Castle DE
DUKE,93,A.J. Wolf,DT,"6'4""",270,So,Greenwich CT
PITT,70,Connor Hayes,OL,"6'4""",270,Fr,Traverse City MI
VT,33,Darius Redman,TE,"6'4""",272,Jr,Washington DC
CLEM,9,Tavaris Barnes,DE,"6'4""",275,Sr,Jacksonville FL
DUKE,68,Alex Skidmore,G,"6'4""",275,So,Virginia Beach VA
UVA,32,Mike Moore,DE,"6'4""",275,Jr,Hyattsville MD
CUSE,76,Kyle Knapp,G,"6'4""",276,So,Kalamazoo MI
MIAMI,71,Anthony Chickillo,DL,"6'4""",277,Sr,Tampa FL
CLEM,76,Shaq Anthony,T,"6'4""",280,Jr,Williamston SC
DUKE,95,Jamal Wallace,DT,"6'4""",280,Sr,Virginia Beach VA
NCSU,98,B.J. Hill,DT,"6'4""",283,Fr,Oakboro NC
DUKE,50,Austin Davis,C,"6'4""",285,Fr,Mansfield TX
WAKE,36,Tylor Harris,DE,"6'4""",285,Jr,Baton Rouge LA
FSU,43,Desmond Hollin,DT,"6'4""",286,Sr,Miami FL
CLEM,91,Josh Watson,DT,"6'4""",290,Sr,Wilmington DE
GT,53,Bryan Chamberlain,OL,"6'4""",290,Jr,Albany GA
MIAMI,75,Sean Harvey,OL,"6'4""",290,Sr,Largo FL
UVA,9,Andrew Brown,DT,"6'4""",290,Fr,Chesapeake VA
UVA,65,Ross Burbank,G,"6'4""",290,Jr,Virginia Beach VA
WAKE,65,Josh T. Harris,G,"6'4""",290,So,Milton GA
WAKE,51,Cory Helms,C,"6'4""",290,So,Alpharetta GA
FSU,11,Derrick Mitchell Jr.,DT,"6'4""",292,So,Jacksonville FL
FSU,66,Keith Weeks,OL,"6'4""",292,Fr,Valrico FL
LOU,54,Mike Romano,C,"6'4""",293,Jr,Port St. Lucie FL
GT,64,Jake Whitley,OL,"6'4""",295,Fr,North Augusta SC
MIAMI,95,Anthony Moten,DL,"6'4""",295,Fr,Ft. Lauderdale FL
UNC,68,Jared Cohen,OL,"6'4""",295,Fr,Owings Mills MD
UNC,54,Will Dancy,G,"6'4""",295,So,Graham NC
UNC,72,Kiaro Holts,T,"6'4""",295,So,Indianapolis IN
UNC,69,Jonathan Trull,OL,"6'4""",295,Fr,Charlotte NC
UVA,61,Cody Wallace,G,"6'4""",295,Sr,Moorestown NJ
VT,68,Marcus Mapp,OL,"6'4""",295,Jr,Painter VA
MIAMI,62,Shane McDermott,OL,"6'4""",296,Sr,Lake Worth FL
LOU,65,David Noltemeyer,OL,"6'4""",297,Sr,Louisville KY
FSU,65,Ruben Carter,OL,"6'4""",299,So,Miami FL
CLEM,69,Maverick Morris,T,"6'4""",300,Fr,Douglas GA
DUKE,52,Marcus Aprahamian,G,"6'4""",300,Jr,Brookfield WI
NCSU,60,Quinton Schooley,C,"6'4""",301,Jr,Chanute KS
CLEM,78,Eric Mac Lain,OL,"6'4""",305,Jr,Hope Mills NC
DUKE,67,Lucas Patrick,G,"6'4""",305,Jr,Brentwood TN
DUKE,62,Matt Skura,C,"6'4""",305,Jr,Columbus OH
MIAMI,91,Olsen Pierre,DL,"6'4""",305,Sr,Rahway NJ
FSU,78,Wilson Bell,OL,"6'4""",309,Fr,Prichard AL
CUSE,75,Wayne Williams,NT,"6'4""",310,Jr,Brooklyn NY
DUKE,73,Takoby Cofield,T,"6'4""",310,Sr,Tarboro NC
UNC,79,J.J. Patterson,G,"6'4""",310,Fr,Roanoke Rapids NC
WAKE,59,Antonio Ford,G,"6'4""",310,Sr,Pahokee FL
WAKE,78,Tyler Hayworth,G,"6'4""",310,So,Kingsport TN
LOU,53,Jake Smith,OL,"6'4""",312,Sr,Jacksonville AL
CUSE,72,Ivan Foy,G,"6'4""",313,Jr,Brooklyn NY
FSU,90,Eddie Goldman,DT,"6'4""",314,Jr,Washington DC
VT,71,Jonathan McLaughlin,OL,"6'4""",314,So,Mauldin SC
MIAMI,63,Danny Isidora,OL,"6'4""",316,So,Weston FL
FSU,51,Bobby Hart,OL,"6'4""",318,Sr,Lauderhill FL
CLEM,68,David Beasley,G,"6'4""",320,Sr,Columbus GA
MIAMI,55,Joe Brown,DT,"6'4""",320,Fr,Paramount CA
PITT,66,Mike Herndon,DL,"6'4""",320,Fr,Greenville VA
UNC,78,Landon Turner,G,"6'4""",320,So,Harrisonburg VA
CUSE,70,Jesse Wolf-Gould,G,"6'4""",328,Sr,Oneonta NY
LOU,7,Jamaine Brooks,DT,"6'4""",330,Sr,Miami FL
MIAMI,11,Michael Wyche,DT,"6'4""",330,Jr,Norfolk VA
PITT,63,Alex Officer,OL,"6'4""",335,Fr,Rochester NY
FSU,54,Tre' Jackson,OL,"6'4""",339,Sr,Jesup GA
CLEM,72,Jerome Maybank,G,"6'4""",345,Jr,Pawleys Island SC
NCSU,70,Terronne Prescod,G,"6'4""",347,Fr,Decatur GA
CLEM,74,Spencer Region,G,"6'4""",350,Jr,Cullman AL
LOU,69,Jimmie Terry,OL,"6'4""",350,Fr,Madison MS
NCSU,2,Jalan McClendon,QB,"6'5""",195,Fr,Charlotte NC
DUKE,83,Anthony Nash,WR,"6'5""",200,So,West Chester PA
CUSE,92,Riley Dixon,K,"6'5""",205,Jr,Blossvale NY
LOU,86,Matt Milton,WR,"6'5""",205,Sr,Belleville IL
UVA,15,Matt Johns,QB,"6'5""",205,So,Chalfont PA
WAKE,86,Brandon Terry,WR,"6'5""",205,Sr,Alpharetta GA
LOU,25,Josh Harvey-Clemons,S,"6'5""",207,So,Valdosta GA
BC,42,Alex Howell,P,"6'5""",208,Jr,Florence SC
PITT,18,Ryan Winslow,P,"6'5""",210,Fr,Maple Glen PA
UVA,16,Brendan Marshall,QB,"6'5""",210,Fr,Gaithersburg MD
GT,90,Kenderius Whitehead,DE,"6'5""",220,So,Milledgeville GA
NCSU,55,Deonte Holden,DE,"6'5""",220,Fr,Hyattsville MD
UVA,11,Greyson Lambert,QB,"6'5""",220,So,Jesup GA
WAKE,2,Matt James,WR,"6'5""",220,Sr,Raleigh NC
BC,18,Dan Crimmins,WR,"6'5""",223,Jr,Closter NJ
GT,88,Darren Waller,WR,"6'5""",225,Sr,Acworth GA
LOU,11,Will Gardner,QB,"6'5""",230,So,Douglas GA
NCSU,43,Coult Culler,LB,"6'5""",230,Fr,Wilmington NC
UNC,,Avery Edwards,TE,"6'5""",230,Fr,Raleigh NC
LOU,48,Deiontrez Mount,DE,"6'5""",234,Sr,Fort Walton Beach FL
NCSU,83,Lucas Wilson,TE,"6'5""",234,Fr,Winston-Salem NC
CLEM,,Cannon Smith,TE,"6'5""",235,Fr,Columbia SC
NCSU,48,Cole Cook,TE,"6'5""",235,Fr,Carrollton GA
CLEM,96,Fesser Bell,DE,"6'5""",240,Jr,Radford VA
CLEM,16,Jordan Leggett,TE,"6'5""",240,So,Navarre FL
CUSE,98,Trevon Trejo,DE,"6'5""",240,Sr,Long Beach CA
DUKE,89,Braxton Deaver,TE,"6'5""",240,Sr,Charlotte NC
DUKE,90,Mario Sanders,LB,"6'5""",240,Jr,Lyman SC
MIAMI,44,Demetrius Jackson,DE,"6'5""",240,Fr,Miami FL
UVA,88,Max Valles,LB,"6'5""",240,So,Moorestown NJ
VT,43,Seth Dooley,DE,"6'5""",245,So,Salem VA
WAKE,52,Logan Feimster,LS,"6'5""",245,Sr,Statesville NC
WAKE,45,Zach Gordon,TE,"6'5""",245,So,Carrollton GA
VT,,Vinny Mihota,DE,"6'5""",249,Fr,Fredericksburg VA
LOU,92,Terry Ramsey,DE,"6'5""",250,Fr,Clayton OH
UNC,90,Nazair Jones,DL,"6'5""",250,Fr,Roanoke Rapids NC
WAKE,60,Nick Luedeke,OL,"6'5""",250,Fr,Cary NC
DUKE,85,Dan Beilinson,TE,"6'5""",255,So,Cary NC
DUKE,80,David Reeves,TE,"6'5""",255,Jr,Greensboro AL
MIAMI,9,Chad Thomas,DE,"6'5""",255,Fr,Miami FL
WAKE,6,Desmond Floyd,DE,"6'5""",255,Jr,Jonesville SC
DUKE,96,Allen Jackson,DT,"6'5""",260,So,Ellicott City MD
PITT,55,Luke Maclean,DL,"6'5""",260,Fr,Grand Blanc MI
PITT,83,Scott Orndoff,TE,"6'5""",260,So,Waynesburgh PA
UVA,91,Jack English,DE,"6'5""",260,Fr,Richmond VA
WAKE,89,Neil Basford,TE,"6'5""",260,Jr,Jacksonville FL
BC,88,Michael Giacone,TE,"6'5""",262,Jr,Jersey City NJ
GT,67,Jake Stickler,OL,"6'5""",263,Fr,Bradenton FL
LOU,89,Keith Towbridge,TE,"6'5""",263,So,Toledo OH
NCSU,89,Benson Browne,TE,"6'5""",267,Jr,Cincinnati OH
CLEM,93,Corey Crawford,DE,"6'5""",270,Sr,Columbus GA
UVA,57,Stephen Lawe,DE,"6'5""",270,Sr,Norfolk VA
GT,91,Patrick Gamble,DL,"6'5""",271,So,Carrollton GA
NCSU,86,David Grinnage,TE,"6'5""",273,So,Newark DE
CLEM,98,Kevin Dodd,DE,"6'5""",275,Jr,Taylors SC
DUKE,53,Kameron Schroeder,OL,"6'5""",275,Fr,Elk Grove CA
UNC,49,Jeremiah Clarke,DL,"6'5""",275,Fr,Alexandria VA
UVA,71,Jack McDonald,G,"6'5""",275,Fr,Quincy MA
WAKE,79,Cameron Gardner,T,"6'5""",275,Fr,Bailey NC
GT,96,Adam Gotsis,DL,"6'5""",277,Jr,Abbotsford
WAKE,72,Cody Preble,C,"6'5""",280,Jr,Lake Worth FL
DUKE,71,Casey Blaser,T,"6'5""",285,So,Charlotte NC
NCSU,54,Joe Thuney,G,"6'5""",285,Jr,Centreville IL
LOU,11,B.J. Dubose,DT,"6'5""",287,Sr,Oakland Park FL
MIAMI,99,Jelani Hamilton,DL,"6'5""",290,Jr,Fort Lauderdale FL
NCSU,76,Eric Shute,OL,"6'5""",290,Fr,Glen Ellyn IL
UNC,77,John Ferranto,T,"6'5""",290,Fr,Burlington NJ
UVA,67,Jackson Matteo,C,"6'5""",290,So,Ashburn VA
CUSE,60,Sean Hickey,T,"6'5""",291,Sr,Murrysville PA
GT,78,Trey Braun,OL,"6'5""",292,Jr,Tallahassee FL
BC,75,Ian Silberman,OL,"6'5""",293,Sr,Orange Park FL
NCSU,64,Tylar Reagan,T,"6'5""",294,Fr,Jacksonville FL
UNC,73,Brad Henson,G,"6'5""",295,Fr,Surf City NJ
UVA,72,Eric Smith,T,"6'5""",295,So,Decatur GA
VT,57,Wyatt Teller,OL,"6'5""",296,Fr,Bealeton VA
CUSE,68,Nick Robinson,G,"6'5""",297,Jr,Baldwinsville NY
CLEM,,Justin Falcinelli,OL,"6'5""",300,Fr,Middletown MD
CLEM,73,Joe Gore,T,"6'5""",300,Jr,Lake Waccamaw NC
DUKE,74,Trip McNeil,OL,"6'5""",300,Fr,Advance NC
PITT,53,Dorian Johnson,OL,"6'5""",300,So,Belle Vernon PA
UNC,70,Caleb Peterson,G,"6'5""",300,Fr,Auburn AL
UVA,74,Conner Davis,G,"6'5""",300,Sr,Henrico VA
UVA,64,Jake Fieler,T,"6'5""",300,Fr,Parkersburg WV
WAKE,66,Rocco Esposito,G,"6'5""",300,Fr,Coraopolis PA
WAKE,77,Will Smith,T,"6'5""",300,So,Charlotte NC
VT,55,Brent Benedict,OL,"6'5""",302,Sr,Jacksonville FL
VT,75,Adam Taraschke,OL,"6'5""",302,So,Fredricksburg VA
GT,92,Francis Kallon,DL,"6'5""",303,So,Lawrenceville FL
MIAMI,67,Alex Gall,OL,"6'5""",304,So,Mason OH
PITT,71,Gabe Roberts,OL,"6'5""",305,So,New London WI
BC,76,Bobby Vardaro,OL,"6'5""",306,Sr,North Reading MA
VT,74,Braxton Pfaff,OL,"6'5""",307,Fr,Lynchburg VA
PITT,60,Aaron Reese,OL,"6'5""",310,Fr,Chambersburg PA
UNC,66,Myers Colvin,T,"6'5""",310,So,Fayetteville NC
UVA,63,Ryan Doull,G,"6'5""",310,So,Kanata ON
WAKE,63,Dylan Intemann,T,"6'5""",310,Jr,Wake Forest NC
WAKE,68,Colin Summers,T,"6'5""",315,Sr,Raleigh NC
LOU,74,Ryan Mack,OL,"6'5""",319,Jr,Memphis TN
MIAMI,70,Jon Feliciano,OL,"6'5""",320,Sr,Davie FL
CUSE,50,John Raymon,NT,"6'5""",323,Jr,Richboro PA
CLEM,65,Oliver Jones,OL,"6'5""",325,So,Ninety Six SC
DUKE,72,Jake Sanders,OL,"6'5""",330,Fr,Carrollton GA
MIAMI,73,Trevor Darling,OL,"6'5""",330,Fr,Miami FL
PITT,72,Carson Baker,OL,"6'5""",330,Fr,Fairborn OH
CLEM,67,Kalon Davis,G,"6'5""",340,Sr,Chester SC
LOU,77,Abraham Garcia,OL,"6'5""",347,Jr,Fort Lauderdale FL
UVA,14,Ian Frye,K,"6'6""",195,Jr,Bristol VA
NCSU,36,Wil Baumann,P,"6'6""",197,Sr,Wilmington NC
FSU,18,Christian Griffith,WR,"6'6""",210,Jr,West Palm Beach FL
PITT,7,Adam Bertke,QB,"6'6""",210,Fr,Maria Stein OH
MIAMI,11,Ryan Williams,QB,"6'6""",223,Sr,Pembroke Pines FL
DUKE,17,Issac Blakeney,WR,"6'6""",225,Sr,Monroe NC
UNC,49,Eric Albright,TE,"6'6""",225,Jr,Raleigh NC
WAKE,46,Steve Donatell,LB,"6'6""",225,So,Lone Tree CO
CLEM,92,Bradley Pinion,P,"6'6""",230,Jr,Concord NC
NCSU,87,Pharoah McKever,DE,"6'6""",237,Fr,Tabor City NC
VT,,Bucky Hodges,TE,"6'6""",243,So,Virginia Beach VA
CLEM,97,William Cockerill,TE,"6'6""",245,So,Sumter SC
PITT,84,Brian O'Neill,TE,"6'6""",245,Fr,Wilmington DE
CLEM,86,Sam Cooper,TE,"6'6""",250,Sr,Brentwood TN
CUSE,87,Kendall Moore,TE,"6'6""",250,So,Chicago IL
FSU,85,Jeremy Kerr,TE,"6'6""",254,Fr,St. Petersburg FL
MIAMI,85,Beau Sandland,TE,"6'6""",255,Sr,Woodland Hills CA
UVA,49,Zachary Swanson,TE,"6'6""",255,Sr,Katy TX
NCSU,57,Peter Daniel,T,"6'6""",257,Fr,Raleigh NC
UNC,67,Caleb Samuel,OL,"6'6""",260,Fr,Macon GA
LOU,15,Hunter Bowles,TE,"6'6""",265,So,Glasgow KY
VT,59,Eddie D'Antuono,LS,"6'6""",265,So,Alexandria VA
NCSU,85,Micah Till,TE,"6'6""",270,Fr,Upper Marlboro MD
GT,72,Chris Griffin,OL,"6'6""",272,Fr,Panacea FL
VT,63,Laurence Gibson,OL,"6'6""",274,Sr,Sierra Vista AZ
DUKE,76,Gabe Brandner,T,"6'6""",275,Fr,Blythewood SC
LOU,58,Andrew Polston,DT,"6'6""",275,Jr,Louisville KY
UVA,64,Nick Koutris,T,"6'6""",275,Sr,Oakhill VA
WAKE,70,Ryan Anderson,OL,"6'6""",275,Fr,Raleigh NC
LOU,72,Lukayus McNeil,OL,"6'6""",278,Fr,Indianapolis IN
FSU,4,Giorgio Newberry,DT,"6'6""",280,So,Fort Pierce FL
UVA,75,Sadiq Olanrewaju,T,"6'6""",280,So,Gaithersburg MD
MIAMI,47,Ufomba Kamalu,DL,"6'6""",285,Jr,Fayetteville GA
UNC,75,Bentley Spain,T,"6'6""",285,Fr,Charlotte NC
UVA,76,Michael Mooney,T,"6'6""",285,So,Malvern PA
DUKE,70,Christian Harris,OL,"6'6""",290,Fr,Suwanee GA
UVA,69,Phillip Berry,OL,"6'6""",290,Fr,Raleigh NC
VT,,Wade Hansen,DT,"6'6""",291,Sr,Troy NY
VT,72,Augie Conte,OL,"6'6""",293,So,Richmond VA
MIAMI,54,Hunter Knighton,OL,"6'6""",295,Fr,Pottstown PA
PITT,78,Alex Bookser,OL,"6'6""",295,Fr,Pittsburgh PA
UVA,66,George Adeosun,G,"6'6""",295,Fr,Alpharetta GA
BC,67,Seth Betancourt,OL,"6'6""",300,Sr,Riverside NJ
BC,69,Paul Gaughan,C,"6'6""",300,Jr,Dunmore PA
BC,71,Dan Lembke,OL,"6'6""",300,Jr,Orland Park IL
DUKE,79,Tanner Stone,T,"6'6""",300,So,Dallas TX
NCSU,78,Rob Crisp,T,"6'6""",300,Sr,Raleigh NC
UNC,71,Jon Heck,T,"6'6""",300,Fr,Jacksonville FL
UNC,63,Harris Hite,OL,"6'6""",300,So,Apex NC
UVA,62,Sean Karl,G,"6'6""",300,Fr,Manorville NY
UVA,68,Eric Tetlow,C,"6'6""",300,So,Richmond VA
UVA,77,Jay Whitmire,T,"6'6""",300,Jr,Alexandria VA
WAKE,71,Hunter Goodwin,T,"6'6""",300,Jr,Baltimore MD
WAKE,76,Joel Suggs,T,"6'6""",300,So,Sophia NC
FSU,75,Cameron Erving,OL,"6'6""",302,Jr,Moultrie GA
DUKE,66,Carson Ginn,G,"6'6""",305,Jr,Belmont NC
PITT,69,Adam Bisnowaty,OL,"6'6""",305,So,Pittsburgh PA
FSU,76,Marcel Benalcazar,OL,"6'6""",308,So,Miramar FL
NCSU,66,Will Richardson,T,"6'6""",308,Fr,Burlington NC
UNC,76,R.J. Prince,T,"6'6""",310,Fr,Albemarle NC
MIAMI,64,Hunter Wells,OL,"6'6""",312,Jr,Canton IL
MIAMI,52,KC McDermott,OL,"6'6""",314,Fr,Wellington FL
PITT,68,T.J. Clemmings,OL,"6'6""",315,Sr,Teaneck NJ
CUSE,73,Jon Burton,T,"6'6""",317,Fr,Spotsylvania VA
LOU,75,Skylar Lacy,OL,"6'6""",320,So,Indianapolis IN
MIAMI,74,Ereck Flowers,OL,"6'6""",322,Jr,Miami FL
PITT,50,Mike Grimm,OL,"6'6""",325,Fr,Bethel Park PA
LOU,60,Joe Manley,OL,"6'6""",326,So,Bowling Green KY
FSU,70,Josue Matias,OL,"6'6""",331,Jr,Union City NJ
FSU,72,Kareem Are,OL,"6'6""",335,Jr,Floral Park NY
PITT,74,Matt Rotheram,OL,"6'6""",335,Sr,North Olmstead OH
LOU,68,Danny Burns,OL,"6'6""",339,Fr,Hamilton OH
UNC,57,Schuyler Coleman,T,"6'6""",340,Fr,Charlotte NC
LOU,79,Jamon Brown,T,"6'6""",350,Sr,Fern Creek KY
UNC,86,Tyler Alberts,TE,"6'7""",235,So,Clemmons NC
NCSU,99,Joe Wright,DE,"6'7""",236,So,Greenville NC
DUKE,88,Erich Schneider,TE,"6'7""",240,So,Jacksonville Beach FL
UVA,89,Rob Burns,TE,"6'7""",250,Jr,Ashburn VA
MIAMI,88,Jake O'Donnell,TE,"6'7""",255,So,Doylestown PA
BC,87,Malachi Moore,DE,"6'7""",269,So,Hackettstown NJ
CLEM,79,Isaiah Battle,T,"6'7""",275,Jr,Brooklyn NY
MIAMI,95,David Perry,DL,"6'7""",277,Sr,Pembroke Pines FL
LOU,78,Aaron Epps,T,"6'7""",279,Jr,Tucker GA
DUKE,75,Sam Marshall,T,"6'7""",285,Jr,Fredricksburg VA
PITT,62,John Guy,OL,"6'7""",285,So,Somerville MA
BC,74,Dave Bowen,OL,"6'7""",288,Jr,Villanova PA
NCSU,73,Andy Jomantas,T,"6'7""",288,Sr,Dayton OH
BC,45,Mehdi Abdesmad,DL,"6'7""",290,Sr,Montreal PQ
DUKE,78,Sterling Korona,T,"6'7""",290,Fr,San Antonio TX
NCSU,72,Patrick Roane,T,"6'7""",295,Fr,Hope Mills NC
BC,72,Jim Cashman,OL,"6'7""",298,So,Haddonfield NJ
LOU,76,Kelby Johnson,OL,"6'7""",299,Jr,Bowie MD
BC,70,Aaron Kramer,OL,"6'7""",300,Sr,Duxbury MA
CUSE,65,Jamar McGloster,T,"6'7""",303,Fr,Hillside NJ
VT,69,Mark Shuman,OL,"6'7""",312,Sr,Fork Union VA
NCSU,71,Alex Barr,G,"6'7""",322,Jr,Fayetteville GA
PITT,75,Jaryd Jones-Smith,OL,"6'7""",335,Fr,Voorhees NJ
NCSU,61,Ali Kassem,G,"6'7""",347,Sr,Cincinnati OH
NCSU,74,Tyson Chandler,T,"6'7""",354,Sr,North Plainfield NJ
GT,71,Shamire Devine,OL,"6'7""",355,Fr,Atlanta GA
WAKE,67,Taylor Chambers,T,"6'8""",300,Fr,Columbia SC
MIAMI,76,Taylor Gadbois,OL,"6'8""",316,So,Dallas GA
VT,67,Parker Osterloh,OL,"6'8""",321,Fr,Williamsburg VA
MIAMI,66,Sunny Odogwu,OL,"6'8""",324,Fr,Baltimore MD
MIAMI,47,Raphael Akpejiori,TE,"6'9""",241,Sr,Lagos
BC,99,Brian Mihalik,DL,"6'9""",288,Sr,Avon Lake OH
FSU,13,Javien Elliott,WR,,,Jr,Panama City FL
LOU,38,Brandon Joseph,CB,,,Sr,Miami FL
UNC,29,Taylor Vippolis,WR,,,So,Stony Point NY
